Molecule,Force,Ave_BondLength,Ave_CosbondLength,Ave_MayerBonds,ReactionRingAtoms,BrokenInRatio,BondType,Ave_MullikenCharge1,Ave_MullikenCharge2
1,4.6,1.563574854,1.5234,1.04059988,4,0.25,0,-0.077219,-0.064145
2,5.6,1.566851256,1.3117,1.00505578,4,0.25,0,-0.07726,-0.075748
3,4.2,1.581420806,1.5495,1.0148796,4,0.25,0,-0.376695,-0.005578
4,5.3,1.591504333,1.3137,1.0075528,4,0.25,0,-0.40036,-0.014528
5,3.5,1.598286339,1.5553,0.99053464,4,0.25,0,-0.35916,-0.307216
6,4.4,1.629875999,1.3115,0.98813831,4,0.25,0,-0.337541,-0.335343
7,4.8,1.561777985,1.558,1.10685311,4,0.25,0,-0.026929,-0.009016
8,5.2,1.563373643,1.3273,1.0513863,4,0.25,0,-0.009588,0.061847
9,2.5,1.59278479,1.568,1.01709421,4,0.25,0,0.022721,0.026871
10,4.7,1.56427093,1.5108,1.03863461,4,0.25,0,-0.04858,-0.002356
11,5,1.559652776,1.5298,1.03856988,4,0.25,0,-0.098603,0.022611
14,6.3,1.582576571,1.327,1.02174553,20,0.45,0,0.031388,0.032933
15,5.5,1.619375787,1.1552,0.95024225,20,0.45,0,-0.126084,-0.125848
16,3.5,1.586404697,1.5864,1.05796415,4,0.25,0,0.059288,0.059633
17,3.4,1.589166949,1.5887,1.10085362,4,0.25,0,0.071883,0.082829
18,3.4,1.58413746,1.5808,1.05005236,4,0.25,0,0.054653,0.058357
19,4,1.585416681,1.5831,1.05231769,4,0.25,0,0.056446,0.059893
20,5.8,1.540644503,1.2126,1.08621789,4,0.25,0,-0.004777,0.013712
21,5.5,1.5372749,1.2684,1.03822672,4,0.25,0,-0.018934,0.024822
22,5,1.558657989,1.5099,1.03825688,4,0.25,0,-0.006294,-0.004433
23,4,1.585186517,1.5462,0.90213313,4,0.25,0,-0.235949,-0.166045
24,4.1,1.572784232,1.5367,1.02281024,4,0.25,0,-0.272387,0.071758
25,4.5,1.559415821,1.525,1.03099856,4,0.25,0,-0.258991,0.020723
26,4,1.565841198,1.5367,1.05469313,4,0.25,0,-0.240917,0.044769
27,3.4,1.572388423,1.5424,0.98609059,4,0.25,0,-0.336427,0.001947
28,4.5,1.554669292,1.5066,1.05228002,4,0.25,0,0.013102,0.035214
29,4.7,1.594439621,1.1803,0.99737312,4,0.25,0,-0.052584,-0.05011
30,3.7,1.576342357,1.5763,0.98299398,4,0.25,0,-0.15122,0.182105
31,3.8,1.440644492,1.2663,0.96181737,4,0.25,3,-0.186529,-0.160293
36,3.8,1.881142516,1.72975,0.97373093,0,0,7,-0.333721,0.016921
38,4.6,1.586850487,1.3865,1.02207622,9,0.3333333,0,-0.086389,-0.037244
39,4.1,1.593060925,1.4068,1.02869963,9,0.3333333,0,-0.013521,0.05453
40,4.2,1.586381379,1.3162,0.99415573,8,0.375,0,-0.04368,0.025182
41,4.7,1.582803042,1.482,1.00900466,10,0.4,0,-0.04414,0.223969
42,4.2,1.5875848,1.4886,0.97203293,8,0.375,0,-0.04082,-0.004624
43,4.1,1.590242254,1.4903,0.97377808,8,0.375,0,-0.051335,-0.012383
44,4.2,1.581247451,1.3112,1.00590127,8,0.375,0,-0.045482,0.048414
45,4,1.588295348,1.4913,0.96649217,8,0.375,0,-0.035488,-0.009974
46,4.6,1.610236962,1.3747,0.99493463,8,0.375,0,-0.190297,0.013238
47,4.3,1.587477369,1.4886,0.97476024,8,0.375,0,-0.052403,-0.0146
50,3.9,1.528118859,1.5281,0.8791646,3,0.333333333,0,-0.012961,-0.012018
51,3.7,1.528564156,1.5286,0.88276632,3,0.333333333,0,-0.016957,-0.01572
52,3.7,1.54254805,1.5425,0.87556992,3,0.333333333,0,-0.091094,-0.090645
53,3.5,1.541644542,1.5416,0.86870132,3,0.333333333,0,-0.07032,-0.070102
54,3.5,1.532080629,1.5321,0.89215882,3,0.333333333,0,0.039853,0.04121
55,4,1.52686122,1.5269,0.89269564,3,0.333333333,0,-0.028265,-0.027361
56,3.6,1.531905849,1.5314,0.84875578,3,0.333333333,0,-0.0589,0.050802
58,4.1,1.528364505,1.5284,0.88132094,3,0.333333333,0,-0.033193,-0.032355
59,3.8,1.533737405,1.5337,0.8786977,3,0.333333333,0,0.034646,0.036477
60,3.4,1.539283014,1.5392,0.84748279,3,0.333333333,0,-0.053057,0.039649
61,3.9,1.541163016,1.5411,0.85304798,3,0.333333333,0,-0.054728,0.036503
62,5.4,1.523490083,1.2276,0.86464233,3,0.333333333,0,-0.03981,-0.036895
63,4,1.534246423,1.5342,0.8721383,3,0.333333333,0,-0.045425,-0.020664
64,5.3,1.510187086,1.1384,0.92271127,3,0.333333333,0,0.026027,0.04705
65,5.8,1.509141688,1.5083,1.00157959,3,0.333333333,0,0.038976,0.06968
66,6.4,1.477349152,1.4773,1.04284045,3,0.333333333,0,0.097167,0.124363
67,6.2,1.483805064,1.4837,0.99290442,3,0.333333333,0,0.063441,0.106377
68,4,1.609005151,1.6089,1.01421627,4,0.25,0,-0.000336,0.076162
69,4.3,1.586774167,1.2416,1.03183709,4,0.25,0,0.013005,0.013802
70,4.6,1.56113485,1.1909,1.04719037,4,0.25,0,0.273791,0.276086
71,3.2,1.599354132,1.5992,1.0287012,4,0.25,0,-0.02786,0.152173
72,3.8,1.597348748,1.5973,1.03017341,4,0.25,0,-0.003481,-0.003412
73,3,1.575840976,1.5758,1.00410316,4,0.25,0,0.255308,0.255451
74,4.6,1.477593079,1.0559,0.8862862,19,0.368421053,1,-0.296283,0.218378
75,2.9,1.479841969,1.1685,0.88811067,15,0.26666667,1,-0.299033,0.225361
76,2.9,1.477005628,1.1125,0.8935477,15,0.26666667,1,-0.300339,0.222694
77,2.1,1.922146799,1.3049,0.94939,15,0.26666667,7,-0.069851,0.057912
78,3.5,1.465030102,1.1601,0.92246599,15,0.26666667,1,-0.311833,0.23241
79,3.4,1.46845861,1.1718,0.91523263,15,0.26666667,1,-0.30994,0.233088
82,4.9,1.460373428,1.1048,0.94897044,15,0.33333333,1,-0.308834,0.227215
83,4.2,1.444880452,1.198,0.94286463,10,0.3,1,-0.31261,0.200608
84,4.8,1.447303237,1.2013,0.95406079,10,0.3,1,-0.306826,0.23141
85,4.4,1.453120512,1.1927,0.93683714,10,0.3,1,-0.33149,0.23129
86,3.9,1.448550518,1.1994,0.93737404,10,0.3,1,-0.312104,0.205483
87,4.9,1.445955426,1.1971,0.95678551,10,0.3,1,-0.301568,0.247651
88,4.1,1.456004745,1.194,0.93004099,10,0.3,1,-0.33172,0.235766
90,3.9,1.49697589,1.0899,0.916364585,0,0,2,-0.167747,-0.1253505
91,4.9,1.443240075,1.0228,0.90724789,0,0,5,-0.246483,-0.243217
4047,2.1,2.078525669,1.593177107,1.113978,0,0,6,0.013311,0.091885
93,3.5,2.08464921,1.5697,1.09306843,0,0,6,-0.081873,-0.053431
94,3.5,1.635343212,1.1509,0.90529049,0,0,0,-0.170447,-0.1524
95,4.7,1.631838951,1.1469,0.97030048,0,0,0,0.013502,0.015803
96,4.1,1.619068128,1.1299,0.98109337,0,0,0,-0.098864,-0.097807
98,3.4,1.589973221,1.5898,1.02653097,4,0.25,0,0.06828,0.073811
99,3.1,1.559646071,1.5582,1.0506589,4,0.25,0,0.211409,0.240323
100,4,1.559512597,1.5574,1.04862122,4,0.25,0,0.211914,0.238115
101,3.2,1.589125637,1.5891,1.02059895,4,0.25,0,0.017482,0.020675
102,5,1.549411716,1.2286,0.8487534,3,0.333333333,0,-0.17063,-0.163524
103,3.6,1.5569348,1.5569,0.86062034,3,0.333333333,0,-0.179425,-0.165512
105,4.5,1.573486182,1.2604,0.83887652,4,0.25,0,0.224457,0.22822
106,3.3,1.574912101,1.5589,0.87173707,4,0.25,0,0.230962,0.243317
107,3.7,1.606679924,0.7938,1.00872969,5,0.2,0,-0.033262333,0.070461333
110,4.3,1.843803735,1.2105,0.976421695,0,0,7,-0.086524,0.0187535
111,4.6,1.840130762,1.2069,1.00348885,0,0,7,-0.1714705,0.109127
112,4,1.703969209,1.0463,0.800868015,0,0,8,-0.398228,1.0249845
113,4.7,1.831355199,1.4706,1.03108723,0,0,7,-0.09207,-0.072288
115,5.4,1.540009672,1.4788,0.97124343,0,0,0,-0.095474,0.382359
116,5.5,1.53385118,1.4726,0.97108332,0,0,0,-0.088803,0.390155
117,5.8,1.53163702,1.4706,0.9688617,0,0,0,-0.023183,0.398203
119,3.7,1.797561802,1.38195,0.92059802,0,0,7,-0.102461,0.312254
120,5,1.488187306,1.3514,1.02607174,15,0.33333333,2,-0.311555,0.147466
611,3.9,1.807589639,1.7041,0.80647593,0,0,7,-0.063137,0.803547
618,4.7,1.833992568,1.1673,1.00276672,0,0,7,-0.11683,-0.088545
619,3.6,2.098079232,1.3675,1.10204665,0,0,6,-0.082327,-0.076009
622,3.5,2.090537584,1.5229,1.08525703,0,0,6,-0.098152,-0.070269
623,4.5,1.575139394,1.5741,1.0318136,5,0.2,0,0.062425,0.063637
624,4.6,1.564381778,1.5472,1.02678547,5,0.2,0,0.039896,0.095334
625,4.7,1.564895823,1.5482,1.02603541,5,0.2,0,0.040152,0.097657
627,4.1,1.594726225,1.5915,0.98174285,5,0.2,0,-0.012451,0.001542
628,3.3,1.591772421,1.5912,0.97266943,5,0.2,0,0.060096,0.077502
630,4.3,1.582511442,1.5822,1.00523459,5,0.2,0,-0.017928,0.016513
631,4.1,1.587411308,1.5862,0.99403297,5,0.2,0,0.006301,0.016768
632,4.2,1.58485396,1.5801,1.01083598,5,0.2,0,0.005361,0.008741
701,4.9,1.441549776,1.0807,0.95091949,19,0.368421053,1,-0.288364,0.220309
702,3.1,1.470982751,1.1142,0.91186037,15,0.26666667,1,-0.307874,0.222138
703,5,1.441926398,1.0906,0.95305562,19,0.368421053,1,-0.287525,0.219003
704,5.1,1.443136577,1.0875,0.9522745,19,0.368421053,1,-0.287993,0.227211
705,5,1.441598695,1.0924,0.95377093,19,0.368421053,1,-0.28736,0.217396
706,2.9,1.441473369,1.0831,0.9451682,15,0.26666667,1,-0.303698,0.221079
707,2.8,1.476067441,1.1011,0.90061646,15,0.26666667,1,-0.311479,0.222797
708,2.7,1.476258019,1.1956,0.89623772,15,0.26666667,1,-0.298807,0.234177
710,4.3,1.576346197,1.3669,1.01504842,9,0.333333333,0,-0.021837,0.219311
711,4.3,1.583132694,1.3725,1.0314397,9,0.333333333,0,-0.040893,0.061747
713,4.2,1.578063362,1.3772,1.01503135,9,0.333333333,0,-0.018912,0.216112
714,4.2,1.582475656,1.3743,1.02778959,9,0.333333333,0,-0.030762,0.053979
716,5.1,1.455789827,1.2788,0.93919992,9,0.333333333,2,-0.288506,0.139144
719,3.2,1.571971917,1.572,1.09021588,4,0.25,0,-0.042275,-0.04201
720,4.5,1.556588403,1.547,1.1360553,4,0.25,0,0.050215,0.123784
721,5.4,1.57882506,1.2455,1.03938976,4,0.25,0,-0.309973,0.184292
722,3.9,1.589441274,1.5881,0.99786071,4,0.25,0,-0.255802,-0.210709
725,4.4,1.566864329,1.5443,1.04871379,4,0.25,0,-0.06969,-0.053814
726,5.9,1.574668315,1.4534,1.02451128,9,0.444444444,0,-0.058494,-0.022232
727,4.9,1.580201312,1.3651,0.99585751,8,0.375,0,-0.224114,-0.042356
728,4.9,1.4376898,0.0914,0.94515085,4,0.25,3,-0.170945,-0.161106
734,4.3,1.574452535,1.3708,1.03268262,9,0.33333333,0,-0.020667,0.234279
735,5.7,1.471123225,1.1245,0.91940399,19,0.421052632,1,-0.30178,0.222002
736,4.5,1.555236258,1.5415,1.06155375,4,0.25,0,-0.156773,0.217104
737,5.6,1.532175089,1.1717,1.05962284,4,0.25,0,-0.14484,0.204387
738,4.1,1.557210301,1.5571,1.02419076,4,0.25,0,-0.183076,0.140344
739,4.8,1.548171513,1.2378,1.03372355,4,0.25,0,-0.161014,0.147752
742,5.2,1.418549399,0.9964,0.97313871,17,0.352941176,1,-0.346163,0.207866
743,4.8,1.423981741,1.0041,0.97443395,17,0.352941176,1,-0.282693,0.205997
744,5.1,1.430569996,1.0999,0.98740952,19,0.421052632,1,-0.295718,0.218564
745,4.4,1.461252788,1.1954,0.93432587,10,0.3,1,-0.333363,0.225195
746,4.2,1.45859818,1.2121,0.941976,10,0.3,1,-0.330259,0.254001
747,4.2,1.464824384,1.1986,0.92805574,10,0.3,1,-0.333948,0.226172
752,5.3,1.429510136,1.0673,0.9804798,19,0.421052632,1,-0.303955,0.23479
755,5.2,1.469397755,1.0738,0.90924912,19,0.421052632,1,-0.316584,0.247331
756,2.3,1.94012479,1.5323,0.91767071,15,0.26666667,7,-0.024342,0.029065
757,4.9,1.485720526,1.1797,0.88096209,23,0.347826087,1,-0.314142,0.224772
760,3.6,1.456118687,1.0318,0.94579802,10,0.3,1,-0.333631,0.242244
762,4.6,1.445841445,1.1996,0.9401948,10,0.3,1,-0.312981,0.200148
763,3.3,1.437258746,1.1338,0.95706497,15,0.26666667,1,-0.303095,0.228405
764,4.3,1.455095963,1.1894,0.93217404,10,0.3,1,-0.334006,0.230144
766,3.2,1.490945447,1.1245,0.89012602,15,0.26666667,1,-0.309301,0.235618
771,3.6,1.470329145,1.0576,0.91955708,19,0.263157895,1,-0.320262,0.258302
773,3,1.439308502,1.1243,0.95984434,15,0.26666667,1,-0.296888,0.250002
774,2.8,1.458667013,1.0802,0.89686598,15,0.26666667,1,-0.268141,0.104216
775,3.8,1.459221447,1.1749,0.93160174,15,0.26666667,1,-0.297425,0.214017
776,4.3,1.462140423,1.0601,0.93932762,19,0.263157895,1,-0.313642,0.219568
777,3.4,1.436319286,0.9816,0.93842039,19,0.263157895,1,-0.266128,0.077536
778,3.9,1.461262239,1.0667,0.94444778,19,0.263157895,1,-0.304427,0.212665
779,3.5,1.479019446,1.0579,0.87224324,24,0.208333333,1,-0.305812,0.118443
780,3.2,1.471974098,1.1534,0.90575556,15,0.26666667,1,-0.305548,0.227058
782,3,1.479035839,1.1843,0.89249995,15,0.26666667,1,-0.30341,0.230311
783,3.4,1.458929689,1.2059,0.92875655,24,0.33333333,1,-0.31613,0.253432
784,3.5,1.457470761,1.2029,0.93277303,24,0.33333333,1,-0.316064,0.252851
785,3.2,1.474009312,1.1716,0.90258318,15,0.26666667,1,-0.303034,0.22977
786,3.6,1.472083009,1.1833,0.92732012,11,0.27272727,1,-0.29354,0.2534
787,2.9,1.468877044,1.1838,0.93140109,11,0.27272727,1,-0.286205,0.252721
788,3.9,1.459828508,1.1534,0.93070361,15,0.26666667,1,-0.298249,0.208278
790,4.6,1.477420342,1.0602,0.88804234,19,0.368421053,1,-0.297344,0.223438
791,4.1,1.46040224,1.0701,0.94137896,19,0.315789474,1,-0.315165,0.217268
792,4.7,1.461451451,1.0719,0.94048799,19,0.368421053,1,-0.31397,0.217637
793,3.1,1.473089846,1.1768,0.9029609,15,0.26666667,1,-0.303764,0.232953
794,6.2,1.459592222,1.1363,0.94552616,19,0.421052632,1,-0.311492,0.219934
795,4.7,1.439021209,1.0699,0.9496461,19,0.36842105,1,-0.288953,0.217162
799,5.5,1.441448615,1.1962,0.94211419,10,0.3,1,-0.318824,0.189418
800,4.6,1.441874782,1.1963,0.94183123,10,0.3,1,-0.313334,0.182387
801,3.4,1.441716607,1.1236,0.94627799,15,0.26666667,1,-0.291179,0.213598
802,3.5,1.429446143,1.1294,0.97797647,15,0.26666667,1,-0.29617,0.220726
803,3.9,1.418335581,1.1519,1.00871325,15,0.26666667,1,-0.281296,0.206027
804,3.1,1.441008333,1.1536,0.95925236,15,0.26666667,1,-0.305833,0.263857
805,3.6,1.433010523,1.1486,0.97866457,15,0.26666667,1,-0.317766,0.25774
806,3.6,1.439660593,1.112079196,0.96279278,15,0.26666667,1,-0.311086,0.27243
807,4.5,1.442245204,1.083,0.94655244,19,0.36842105,1,-0.286616,0.221455
808,4.6,1.452954189,1.1834,0.93992398,14,0.357142857,1,-0.326959,0.221923
809,5.1,1.45207696,1.1851,0.94379729,14,0.428571429,1,-0.32573,0.224714
811,3.7,1.884073022,1.2566,0.95221096,19,0.36842105,7,-0.048257,0.056703
812,3.6,1.439076272,1.0748,0.94046115,15,0.26666667,1,-0.304251,0.223895
813,4.7,1.460770315,1.0893,0.94826255,15,0.33333333,1,-0.311122,0.220098
814,5.1,1.441151006,1.1177,0.99542379,15,0.33333333,1,-0.30888,0.252271
815,4.7,1.458628517,1.139,0.94973149,15,0.33333333,1,-0.3085,0.225873
816,4.8,1.43324746,1.1115,0.98571651,15,0.33333333,1,-0.304721,0.250938
817,4.4,1.432040103,1.1202,0.9879842,15,0.33333333,1,-0.304817,0.248903
818,4.7,1.479694482,1.0975,0.89450418,19,0.36842105,1,-0.301855,0.2244
819,3.4,1.443269197,1.1308,0.94100971,15,0.26666667,1,-0.289823,0.221358
820,3.4,1.469948221,1.166,0.90771881,15,0.26666667,1,-0.287341,0.201165
821,2.5,1.482915168,1.1794,0.88645294,15,0.26666667,1,-0.299581,0.209765
822,3.7,1.425031652,1.1247,0.9843828,15,0.26666667,1,-0.309973,0.201204
823,3.7,1.445310374,1.1354,0.93293146,15,0.26666667,1,-0.294112,0.224345
1005,2.7,1.482528287,1.1352,0.89015254,15,0.26666667,1,-0.299899,0.211652
1006,4.7,1.436400692,1.0609,0.95974942,19,0.36842105,1,-0.293054,0.218942
1007,3,1.473373345,1.1258,0.91220878,15,0.26666667,1,-0.303626,0.233565
1009,5,1.441654088,1.0868,0.94977753,19,0.36842105,1,-0.286605,0.218825
1012,4.2,1.457475179,1.1332,0.94516032,10,0.3,1,-0.31924,0.244806
1014,3.5,1.464688706,1.1426,0.93560836,15,0.26666667,1,-0.311802,0.237205
1015,5.5,1.452383501,1.0718,0.96502912,15,0.33333333,1,-0.299588,0.189997
1016,5.7,1.418723255,1.1243,1.01802991,15,0.33333333,1,-0.295987,0.212465
1017,2.3,1.44561296,1.1232,0.93264181,15,0.26666667,1,-0.293684,0.22133
1018,4.3,1.447708402,1.191,0.94431223,10,0.3,1,-0.31512,0.209169
1019,2.8,1.469994705,1.142,0.91944201,15,0.26666667,1,-0.273563,0.23225
1020,4.1,1.453651351,1.1897,0.94061267,15,0.33333333,1,-0.325235,0.229403
1021,2.9,1.476728929,1.1413,0.89566995,15,0.26666667,1,-0.313459,0.230837
1022,4.9,1.483346406,1.1247,0.88516842,19,0.36842105,1,-0.300917,0.21551
1023,2.7,1.85456893,1.4153,1.00465401,15,0.26666667,7,-0.062021,0.01287
1024,3.9,1.429200416,1.1223,0.98380386,15,0.26666667,1,-0.297763,0.222615
1025,3.6,1.464572805,1.148,0.92348321,15,0.26666667,1,-0.310414,0.232366
1026,2.5,1.478352298,1.1733,0.88488036,15,0.26666667,1,-0.306266,0.229913
1027,3.5,1.434345995,1.1091,0.98384443,15,0.26666667,1,-0.306199,0.255242
1029,3.7,1.470228351,1.1806,0.91820786,10,0.3,1,-0.318006,0.256878
1030,2.6,1.482544869,1.1805,0.88138398,15,0.26666667,1,-0.301661,0.225364
1031,4.5,1.482910891,1.0917,0.88041608,23,0.391304348,1,-0.301159,0.225675
1032,2.6,1.481128264,1.2091,0.88754036,15,0.26666667,1,-0.299557,0.22771
1033,3.5,1.434334911,0.9959,0.96599033,17,0.352941176,1,-0.28747,0.272429
1034,3,1.437500625,0.9988,0.93954153,17,0.352941176,1,-0.285442,0.232849
1035,2.9,1.434877023,0.9971,0.94684051,17,0.352941176,1,-0.285425,0.231957
1036,3.5,1.433353955,1.0007,0.94584707,17,0.352941176,1,-0.284178,0.22436
2001,3.4,1.578896946,1.5733,0.90386497,4,0.25,0,0.315323,0.356969
2002,3.6,1.560533232,1.5604,1.05650404,4,0.25,0,0.20915,0.259209
2003,5.1,1.485290338,1.485290338,1.019416841,15,0.33333333,2,-0.312431,0.146617
2004,4.9,1.488290654,1.3499,1.02447244,15,0.33333333,2,-0.312147,0.1531
2005,5.1,1.487103348,1.35283681,1.03035197,15,0.33333333,2,-0.310864,0.154434
2006,5.1,1.485921212,1.3533,1.03433707,15,0.33333333,2,-0.312445,0.145899
2007,4.8,1.492543828,1.333050748,0.96407337,15,0.33333333,2,-0.320968,0.137368
2008,4.9,1.491117198,1.340677285,1.02436622,15,0.33333333,2,-0.307174,0.160101
2009,4.5,1.482235801,1.3154,1.01872367,15,0.26666667,2,-0.272902,0.143914
2010,5.5,1.451977709,1.2119,0.91570229,9,0.333333333,1,-0.332646,0.321009
2011,5.3,1.456005826,1.1819,0.93594965,13,0.384615385,1,-0.325361,0.22856
2012,4.3,1.579471985,1.3116,0.98568748,8,0.375,0,-0.014953,0.312353
2013,3.9,1.563611871,1.5007,1.00473623,9,0.33333333,0,0.131881,0.169602
2014,3.3,1.565527337,1.5086,1.01395817,9,0.33333333,0,0.113175,0.179002
2015,4.1,1.588396604,1.3131,1.00127274,8,0.375,0,-0.022622,0.341221
2016,3.9,1.590273415,1.3184,0.98877381,8,0.375,0,-0.047147,0.042149
2019,4.6,1.58522966,1.3621,0.93106393,8,0.375,0,-0.324193,0.050076
2020,4.5,1.580347831,1.3467,0.93165902,8,0.375,0,-0.364685,0.034433
2021,4,1.589595041,1.3316,0.98864054,8,0.375,0,-0.044959,0.031055
2022,6,1.569990565,1.4208,0.95849906,10,0.4,0,-0.123495,0.015981
2023,4.6,1.573743002,1.4523,0.94287207,8,0.375,0,-0.372741,0.060942
2024,6.1,1.559762554,1.0434,0.96578078,10,0.4,0,-0.135801,0.009633
2025,4.5,1.581429562,1.3313,0.99164724,8,0.375,0,-0.128381,-0.012645
2026,4.8,1.588240135,1.3423,0.97386758,8,0.375,0,-0.267031,-0.034234
2027,5.7,1.577137138,1.4622,1.006779,10,0.4,0,-0.006911,0.078295
2028,4.3,1.588602628,1.4051,1.02536992,9,0.33333333,0,-0.038201,0.049295
2029,4.5,1.588000846,1.1991,1.00605558,4,0.25,0,0.007747,0.040283
2032,4.2,1.512752506,1.4189,0.95125484,8,0.25,0,0.017294,0.137501
2035,2.9,1.577672562,1.5494,1.02955289,4,0.25,0,0.061323,0.237214
2036,4.5,1.606445309,1.2998,0.96106197,4,0.25,0,-0.263197,-0.194078
2038,4.8,1.610098762,1.3069,0.94231765,20,0.45,0,-0.205672,-0.203799
2039,3.1,1.585236036,1.5559,1.02582874,20,0.45,0,0.041645,0.079165
2040,3.1,1.593108759,1.5576,0.92062496,20,0.45,0,0.085504,0.148061
2042,5.6,1.609381455,1.3014,0.94467899,16,0.4375,0,-0.207569,-0.206731
2043,6,1.583121317,1.331,1.02031572,20,0.45,0,0.028979,0.029188
2044,5.1,1.60824693,1.3053,0.94192052,20,0.45,0,-0.212452,-0.207679
2045,2.4,1.589923677,1.5756,1.06035815,4,0.25,0,0.045931,0.090157
2046,4.1,1.597467283,1.5801,1.03150868,4,0.25,0,0.049509,0.058066
2047,4.7,1.59381008,1.5735,1.06063098,4,0.25,0,0.056327,0.081515
2048,4,1.591986418,1.4841,0.96338374,22,0.409090909,0,-0.058119,0.221704
2049,4.8,1.557755371,1.5249,1.05164027,4,0.25,0,-0.023249,0.009801
2050,3.9,1.554794986,1.3205,1.11030562,4,0.25,0,0.06716,0.07162
2051,5.4,1.537243614,1.2439,1.06415306,4,0.25,0,-0.042124,0.038507
2052,3.4,1.598087919,1.5724,0.89690746,4,0.25,0,-0.168745,-0.094496
2053,3.8,1.56625178,1.521,0.94043542,4,0.25,0,0.065387,0.103554
2054,3.4,1.584842357,1.5495,0.91319193,4,0.25,0,0.065919,0.110598
2055,6,1.599386916,1.5684,0.9425908,12,0.416666667,0,-0.280747,-0.237573
2056,5.9,1.599883243,1.5665,0.93971511,12,0.416666667,0,-0.279514,-0.229275
4029,3.8,1.570887238,1.307770381,0.9897394,12,0.333333333,0,-0.417878,0.148562
2060,5.9,1.576116584,1.2055,1.0291341,4,0.25,0,0.039675,0.042469
2062,3.3,1.572073978,1.5579,1.03170059,12,0.416666667,0,-0.125982,0.124237
2063,4,1.570718411,1.5545,1.05177608,4,0.25,0,-0.008968,-0.00074
2064,4.8,1.55817471,1.2922,1.05936487,4,0.25,0,-0.024502,0.008414
2065,3.9,1.572266013,1.5679,1.06087603,4,0.25,0,-0.028818,-0.005734
2066,2.2,1.584118045,1.5781,1.05072715,4,0.25,0,0.045657,0.086236
2067,3.6,1.610860005,1.5923,0.94666564,4,0.25,0,-0.129117,-0.085457
2068,4.6,1.562198064,1.5244,1.05893824,4,0.25,0,-0.005292,0.020836
2069,2.6,1.595981817,1.572,1.02115506,4,0.25,0,-0.055135,-0.051216
2070,2.9,1.58744089,1.569,1.02843291,4,0.25,0,0.049501,0.060821
2071,2.7,1.594656194,1.5741,1.02078797,4,0.25,0,-0.05453,0.052022
2072,5,1.567097462,1.3323,1.03655477,4,0.25,0,-0.08803,0.057798
2073,4.9,1.569369573,1.3319,1.01517741,4,0.25,0,-0.0641,0.004394
2074,4.9,1.569089097,1.336,1.01479277,4,0.25,0,-0.057039,0.003146
2077,5,1.57626288,1.2997,1.03317116,4,0.25,0,-0.064686,0.020459
2080,2.6,1.587924215,1.5647,0.99424141,4,0.25,0,0.034178,0.040613
2081,3.8,1.574288014,1.5525,1.02269141,4,0.25,0,-0.011017,0.072023
2082,5.7,1.462596083,1.3207,0.95696636,4,0.25,2,-0.301132,0.209889
2083,4.9,1.445127298,1.2911,0.92716776,4,0.25,3,-0.25322,-0.216366
2086,3.6,1.441114897,1.2699,0.959882,4,0.25,3,-0.183801,-0.160962
2087,3.6,1.440345314,1.2658,0.96135377,4,0.25,3,-0.181319,-0.162285
2088,4.3,1.47353125,1.3562,0.9968326,4,0.25,2,-0.216744,0.216653
2089,4.4,1.473826781,1.3584,0.99716569,4,0.25,2,-0.216032,0.213978
2095,3.6,1.571762454,1.552,1.02483495,11,0.272727273,0,-0.074306,0.0114
2096,5.9,1.54671822,1.1965,1.07636397,4,0.25,0,0.079719,0.084464
2097,6,1.547825911,1.1924,1.07416431,4,0.25,0,0.076896,0.083623
2098,5.9,1.546906038,1.1935,1.07568962,4,0.25,0,0.077424,0.083949
2099,5.7,1.547420057,1.1964,1.07405747,4,0.25,0,0.080072,0.080561
2102,5.6,1.571724906,1.0691,1.00771501,13,0.384615385,0,-0.046412,0.205785
2103,5.6,1.587365201,1.0939,0.97768463,13,0.384615385,0,-0.001395,0.026508
2104,5,1.548509448,1.2574,1.05588532,4,0.25,0,0.230464,0.230465
2105,2,1.559772649,1.5596,1.03486554,4,0.25,0,0.214321,0.21608
2106,4.4,1.565246083,1.5514,0.97197401,4,0.25,0,-0.039866,-0.033312
2107,4.4,1.567685197,1.4924,0.94905674,12,0.416666667,0,-0.09723,0.340697
2108,4.4,1.568088447,1.4929,0.95119712,12,0.416666667,0,-0.100383,0.321058
2109,4.4,1.568086654,1.4971,0.95267401,12,0.41666667,0,-0.099466,0.318206
2110,4,1.593813556,1.5793,0.95066864,18,0.44444444,0,-0.055513,0.219725
2111,5.4,1.572707461,1.3239,0.99350595,8,0.375,0,-0.224546,-0.044072
2112,4.8,1.553090315,1.1929,0.99642598,8,0.375,0,-0.096979,0.266223
2113,2.9,1.626043281,1.3316,0.89768763,8,0.375,0,-0.288887,0.052338
2114,4,1.609586567,1.4585,0.9539794,8,0.125,0,-0.343529,0.050411
2115,3,1.624521523,1.455,0.95235087,8,0.125,0,-0.341364,0.03412
2116,3.9,1.585798232,1.3139,0.98458228,8,0.375,0,-0.038138,0.002641
2117,4,1.619676762,1.4845,0.96303949,9,0.222222222,0,-0.297373,0.060185
2118,4,1.584942166,1.3199,0.99886099,8,0.375,0,0.023262,0.123653
2119,4.2,1.588835722,1.4902,0.96801645,8,0.375,0,-0.04876,0.097069
2120,3.9,1.508307408,1.415,0.91960973,9,0.333333333,2,-0.195757,0.026974
2121,4.1,1.594001377,1.4107,1.03540389,9,0.333333333,0,-0.011438,0.05095
2122,4.1,1.59309235,1.4086,1.03002319,9,0.33333333,0,-0.011671,0.052925
2123,4.1,1.593462515,1.4077,1.0296636,9,0.33333333,0,-0.014463,0.05614
2124,4.5,1.590586021,1.3891,1.024286,9,0.33333333,0,-0.059248,0.048575
2125,4.5,1.605848373,1.4126,1.03849457,9,0.33333333,0,-0.041138,0.027171
2126,4,1.592819858,1.4079,1.02786762,9,0.33333333,0,-0.01241,0.057723
2127,4.1,1.597889286,1.3616,1.01055805,8,0.375,0,-0.176674,-0.04611
2128,4.6,1.586861639,1.3878,1.02098409,9,0.33333333,0,-0.087264,-0.035593
2129,5.4,1.560929515,1.3693,1.04560365,9,0.333333333,0,-0.056423,0.084712
2130,5.5,1.562946341,1.3956,1.0481289,9,0.333333333,0,-0.037938,0.080406
2131,6.2,1.562464318,1.3911,1.04816962,9,0.333333333,0,-0.041528,0.079074
2132,5.3,1.562096778,1.3915,1.05200416,9,0.333333333,0,-0.034762,0.075901
2133,4.7,1.454694708,1.0463,0.86252068,10,0.3,1,-0.317917,0.239568
2138,3.1,1.621508318,1.469,0.99262558,18,0.388888889,0,-0.167373,0.141262
2139,3.5,1.613858162,1.4565,0.99617576,10,0.2,0,-0.16256,0.136021
2140,3.4,1.61273659,1.465,1.01596855,10,0.2,0,-0.151077,0.146411
2141,4.9,1.569926876,1.4823,1.04977062,12,0.416666667,0,-0.015934,0.142254
2142,5.1,1.565879354,1.483,1.04651175,12,0.416666667,0,0.010912,0.152202
2143,4.9,1.564087024,1.4671,1.05801991,12,0.333333333,0,-0.020987,0.139647
2144,5.1,1.56110682,1.4676,1.05442028,12,0.333333333,0,0.006242,0.154116
2145,4.1,1.578902768,1.1091,0.99120653,9,0.333333333,0,0.004924,0.238742
2146,5.1,1.527213671,1.4033,1.06370165,16,0.375,0,0.005379,0.161566
2147,4.2,1.575501807,1.3777,0.99483164,5,0.2,0,-0.245435,-0.056803
2148,3.9,1.573801861,1.2857,0.94316974,7,0.285714286,0,-0.219557,-0.059917
2149,4.2,1.555177117,1.3223,0.96544895,8,0.25,0,-0.169117,-0.050844
2150,4.2,1.550352326,1.3506,0.97984178,8,0.25,0,-0.159131,-0.041472
2151,5.4,1.509717205,1.4544,0.88799844,8,0.375,2,-0.200811,-0.176503
2152,5.5,1.493977343,1.0644,0.92679643,9,0.444444444,2,-0.177317,0.023822
2153,5,1.570054965,1.3675,1.01152425,9,0.333333333,0,-0.215018,-0.026911
2154,5.2,1.568492421,1.3142,0.99632159,9,0.333333333,0,-0.20045,-0.021058
2155,3.1,1.492928511,1.4429,0.87706477,9,0.333333333,2,-0.195037,0.148226
2156,4.1,1.473301431,1.4436,0.90320914,9,0.33333333,2,-0.196978,0.179714
2157,3.9,1.589970077,1.3283,0.99506071,8,0.375,0,-0.027558,0.038834
2159,3.9,1.589091461,1.3286,0.9947478,8,0.375,0,-0.024528,0.039144
2164,4.2,1.594928698,1.3447,0.99089899,8,0.375,0,0.001703,0.078131
2165,4.8,1.580763262,1.3517,1.00667097,8,0.375,0,-0.219841,-0.036038
2166,4.6,1.584504395,1.4701,1.00499529,8,0.375,0,-0.237481,-0.006114
2167,4.3,1.591442423,1.4656,1.00198814,10,0.3,0,-0.248053,0.056265
2168,4.3,1.591378841,1.4743,1.01000012,14,0.357142857,0,-0.255355,0.080888
2169,4.2,1.580594432,1.4915,0.96810939,8,0.375,0,-0.077319,0.007136
2170,3.7,1.560385207,1.559,0.90152271,10,0.3,0,0.018994,0.249356
2171,3.5,1.558788566,1.5574,0.89783364,10,0.3,0,0.01859,0.259718
2172,3.6,1.560809866,1.5597,0.89984014,10,0.3,0,0.039431,0.276517
2173,3.7,1.587844607,1.3208,0.9803016,8,0.375,0,-0.041978,-0.002686
2174,4.7,1.576821778,1.3198,1.03199581,9,0.333333333,0,-0.042727,-0.005496
2177,6.2,1.555555624,1.2642,1.04074669,9,0.444444444,0,0.012883,0.260498
2178,4.4,1.595578142,1.4007,0.98742,9,0.33333333,0,-0.150346,-0.028223
2179,3.4,1.610903486,1.4817,1.01677052,10,0.3,0,-0.119703,0.125221
2181,2.8,1.575544979,1.5228,0.96969187,5,0.2,0,0.247855,0.271422
2182,4.2,1.588605858,1.4891,0.97241238,8,0.375,0,-0.032691,-0.001423
2183,3.6,2.078391988,1.5685,1.10780594,0,0,6,-0.066173,-0.065554
2187,4.3,1.592807697,1.3633,0.97563891,8,0.375,0,-0.164378,-0.025754
2189,3.4,1.591779808,1.4227,0.99965703,9,0.222222222,0,0.001168,0.075076
2190,2.9,1.590597735,1.4213,0.99902012,9,0.222222222,0,-0.009808,0.075006
2191,4,1.607410063,1.5233,0.94279489,8,0.375,0,-0.014318,0.102116
2192,4,1.580218242,1.3127,0.99458968,8,0.375,0,-0.054289,0.045132
2193,4.4,1.574298394,1.3245,1.01646171,8,0.375,0,-0.075792,0.002039
2195,4.1,1.594144143,1.5042,0.97287469,8,0.375,0,0.00049,0.134898
2200,3.2,1.626171861,1.4561,0.99364775,6,0.166666667,0,-0.265015,-0.032953
2201,4.4,1.584159519,1.3884,1.02418245,9,0.33333333,0,-0.077567,-0.037071
2202,3.9,1.558528929,1.4537,0.94417452,8,0.375,0,-0.021133,-0.001875
2203,6,1.491726345,1.4917,0.95739544,3,0.333333333,0,0.109395,0.109987
2204,4.3,1.51449887,1.5145,0.90546091,3,0.333333333,0,-0.014743,-0.014519
2205,2.1,1.590062495,1.5901,0.77986705,3,0.333333333,0,-0.122155,-0.121929
2207,5.1,1.497032901,1.497,0.88998799,3,0.333333333,0,-0.084122,-0.083635
2208,4,1.541092727,1.5411,0.88670639,3,0.333333333,0,-0.102376,-0.102157
2209,3.3,1.556057378,1.5561,0.82696857,3,0.333333333,0,0.014047,0.014743
2210,4,1.557662936,1.5577,0.83129969,3,0.333333333,0,0.015035,0.015828
2211,1.8,1.588764456,1.5888,0.7816117,3,0.333333333,0,-0.166726,-0.165185
2212,2.1,1.553707663,1.5537,0.83575551,3,0.333333333,0,-0.018364,-0.017242
2216,2.3,1.552708381,1.5525,0.827515,3,0.333333333,0,-0.035133,0.022506
2217,2.8,1.554783488,1.5545,0.85376788,3,0.333333333,0,-0.07153,-0.043519
2218,2.8,1.553398745,1.5531,0.8557493,3,0.333333333,0,-0.103555,-0.084631
2219,2.1,1.542252316,1.5419,0.87081513,3,0.333333333,0,-0.030994,0.05529
2220,1.9,1.539570513,1.5395,0.88089315,3,0.333333333,0,0.051582,0.063366
2221,3.7,1.540840215,1.5408,0.86525585,3,0.333333333,0,0.041427,0.061718
2222,3.3,1.550908206,1.5506,0.81848378,3,0.333333333,0,-0.152956,-0.061416
2223,3.7,1.515346354,1.5149,0.88975682,3,0.333333333,0,-0.052426,0.230125
2224,3.2,1.542541282,1.5421,0.86444506,3,0.333333333,0,-0.174177,0.081143
2225,5.3,1.506287332,1.1968,0.88782236,3,0.333333333,0,-0.048029,0.233077
2226,3.2,1.562430196,1.5624,0.85517536,3,0.333333333,0,-0.097195,-0.0948
2227,4.7,1.532757732,1.2348,0.85419984,11,0.36363636,0,-0.273771,0.075359
2228,3.8,1.529249272,1.527,0.85573146,11,0.36363636,0,-0.28488,0.108108
2229,4.8,1.536294654,1.2342,0.83565856,11,0.36363636,0,-0.300147,0.066363
2232,5.2,1.532848419,1.1799,0.82580971,7,0.285714286,0,-0.218959,-0.006847
2234,2.9,1.534774085,1.5347,0.83272195,3,0.333333333,0,-0.009178,0.030232
2235,2.3,1.536877448,1.5363,0.90381905,3,0.333333333,0,-0.061578,0.065015
2236,3.5,1.527156415,1.5253,0.91377648,3,0.333333333,0,0.023781,0.10004
2237,3,1.549304037,1.5487,0.8309749,3,0.333333333,0,-0.016741,0.082534
2238,3.7,1.5296423,1.5296,0.88790757,3,0.333333333,0,-0.041998,-0.035863
2240,4.4,1.528322825,1.1896,0.85585274,3,0.333333333,0,-0.060591,0.209372
2241,3.9,1.529499157,1.2071,0.86187855,3,0.333333333,0,-0.065245,0.223727
2242,4.5,1.525610391,1.5224,0.90181273,3,0.333333333,0,0.003562,0.046684
2245,3,1.541613812,1.5411,0.86507198,3,0.333333333,0,-0.187744,0.088898
2246,3.6,1.51392122,1.5134,0.88743133,3,0.333333333,0,-0.065633,0.237047
2247,2.9,1.560634838,1.5602,0.82406602,3,0.333333333,0,-0.200131,-0.093114
2248,3.3,1.532060041,1.5316,0.8473478,3,0.333333333,0,-0.067121,0.045956
2249,3.8,1.526659932,1.5267,0.89259869,3,0.333333333,0,-0.008746,-0.006727
2250,3.5,1.718908189,1.0391,0.77397918,0,0,8,-0.3963,1.01887
2251,3.5,1.515664258,1.5157,0.94259522,3,0.333333333,0,-0.063478,-0.062711
2252,5.8,1.502212661,1.5013,0.99521485,3,0.333333333,0,-0.040765,0.002281
2253,5.3,1.489115848,1.5119,0.98269116,3,0.333333333,0,0.015327,0.019099
2254,4.2,1.497543313,1.4974,0.94872042,3,0.333333333,0,0.009938,0.074832
2256,4.3,1.492141823,1.4921,0.95171073,3,0.333333333,0,-0.072871,0.06974
2257,3.1,1.543065933,1.543,0.87788111,3,0.333333333,0,-0.059586,-0.034268
4076,4.8,1.503698736,1.153853796,0.96842167,3,0.333333333,0,-0.0553,0.027593
2259,4,1.814737044,1.6883,0.81334247,3,0.333333333,7,-0.0904705,0.800992
2260,5.5,1.508209443,1.1662,0.84848424,3,0.333333333,0,-0.021667,0.243191
2261,2.6,1.526851311,1.5265,0.86853833,3,0.333333333,0,-0.044756,0.229023
2262,5.3,1.493636765,1.4935,0.99510746,3,0.333333333,0,-0.012136,-0.00242
2263,5.1,1.526443048,1.5262,0.9532224,3,0.333333333,0,-0.007232,0.058918
2264,5.1,1.525672028,1.5255,0.95340799,3,0.333333333,0,-0.006396,0.059389
2265,3.5,1.537179379,1.5363,0.93871288,3,0.333333333,0,-0.144884,-0.048915
2266,3.7,1.78936546,1.6942,0.84553784,3,0.333333333,7,-0.056473,0.910677
2267,5.5,1.513326482,1.5132,0.97698246,3,0.333333333,0,-0.026518,0.082173
2268,3.5,1.797706559,1.4233,0.89920171,3,0.333333333,7,-0.013416,0.840468
2269,5.1,1.518901148,1.5189,0.97620078,3,0.333333333,0,-0.045756,0.088955
2270,5.6,1.500263874,1.5002,0.99361653,3,0.333333333,0,-0.046194,0.034408
2271,5.5,1.493091214,1.4926,1.00705814,3,0.333333333,0,0.008974,0.161242
2272,4.9,1.504651303,1.5033,0.98951934,0,0,0,0.0555,0.164244
2273,4,1.513535968,1.5119,0.96652748,3,0.333333333,0,0.049174,0.150852
2274,6,1.503197784,1.2193,1.00382139,9,0.444444444,0,-0.132601,0.074938
2275,6.1,1.475163602,1.1616,1.02609967,3,0.333333333,0,0.049941,0.229475
2276,2.4,1.581649126,1.5708,1.08120042,4,0.25,0,0.033155,0.08656
2277,4.5,1.562400463,1.5369,1.0362308,4,0.25,0,-0.092049,-0.049003
2278,2.3,1.581882022,1.5819,1.00355055,4,0.25,0,0.250304,0.250713
2279,3.7,1.581094118,1.26,1.05890644,4,0.25,0,0.254951,0.260821
2280,2.6,1.592030433,1.5692,1.02633233,4,0.25,0,0.036009,0.049514
2284,3.4,1.583074587,1.5626,1.05172876,4,0.25,0,0.043496,0.056811
2285,4.7,1.579380975,1.5528,1.02568536,4,0.25,0,-0.007932,0.0415
2286,3.1,1.537071088,1.5367,0.90109712,3,0.333333333,0,0.022458,0.048451
2287,5.7,1.425442324,1.244385289,0.96544216,4,0.25,4,-0.209124,-0.207398
2288,4.1,1.635122332,1.451500662,0.94495873,0,0,0,0.054978,0.057317
2289,5,1.467483554,0.94320427,0.90422041,0,0,3,-0.218892,-0.218558
2290,5.5,1.46028408,0.951723705,0.90638485,0,0,3,-0.234522,-0.216862
12-3,3.5,1.585156032,1.5829,1.07292589,4,0.25,0,-0.01417,0.053997
1001-2,3.1,1.474660704,1.1774,0.91359655,15,0.26666667,1,-0.305931,0.230085
1002-,2.7,1.443708165,1.1296,0.94712588,15,0.26666667,1,-0.292902,0.244688
1014-,3.5,1.469034353,1.0932,0.93296127,15,0.26666667,1,-0.313839,0.221937
1014-2,4,1.455283201,1.1234,0.95626119,15,0.26666667,1,-0.300244,0.211939
1014-2-,4,1.460532963,1.0622,0.9488088,15,0.26666667,1,-0.301966,0.19095
1015-,5.6,1.425716819,1.0353,0.99688874,15,0.33333333,1,-0.29917,0.219292
1017-2,3.5,1.424311596,1.111,0.93250067,15,0.26666667,1,-0.293807,0.221467
1017-3,3.5,1.447726758,1.1468,0.9206954,15,0.26666667,1,-0.299007,0.218103
1033-2,3.9,1.431169612,0.9921,0.97181838,17,0.352941176,1,-0.288096,0.260354
1034-2,4.8,1.42237796,1.0004,0.97881854,17,0.352941176,1,-0.287533,0.202168
1035-2,4.8,1.420183725,1.0013,0.98683866,17,0.352941176,1,-0.287491,0.200318
108-,4.3,1.614987045,1.4334,0.81114623,0,0,0,0.067443,0.067448
12-,4.7,1.563820923,1.5132,1.03754169,4,0.25,0,-0.048464,-0.003247
2013-2,4.6,1.459230647,1.2836,0.91365378,9,0.333333333,2,-0.281572,0.080534
2014-2,5,1.456823199,1.3243,0.93916998,9,0.333333333,2,-0.28617,0.138066
2029-2,3.4,1.58607709,1.5834,1.09294071,4,0.25,0,0.071313,0.101963
2030-,4.2,1.553611454,1.5483,0.94025291,6,0.16666667,0,-0.056405,0.019292
2031--,4.2,1.552152745,1.5393,0.91570318,10,0.3,0,0.019096,0.029063
2033b,3.8,1.842132209,1.6608,1.00762808,4,0.25,7,-0.093438,0.017198
2034b,4.2,1.845628601,0.7466,0.97431139,4,0.25,7,-0.0951625,0.0020415
2037b,3.9,1.845313311,0.89995,0.972343885,4,0.25,7,-0.06646,-0.0154105
2040-2,4,1.597099539,1.3289,0.87052581,20,0.45,0,0.060165,0.060868
2042-2,3.9,1.610987832,1.5768,0.9238018,16,0.4375,0,-0.171662,-0.167067
2043-2,2.8,1.584335417,1.5549,1.02680821,20,0.35,0,0.039051,0.076736
2043-2b,4.1,1.584335417,1.5549,1.02680821,20,0.45,0,0.039051,0.076736
2043b,5.2,1.583121317,1.331,1.02031572,20,0.45,0,0.028979,0.029188
2044-2,3.6,1.612645837,1.5849,0.95366399,20,0.35,0,-0.17687,-0.157247
2044-2b,4.5,1.612645837,1.5849,0.95366399,20,0.35,0,-0.17687,-0.157247
2044b,5.8,1.60824693,1.3053,0.94192052,20,0.45,0,-0.212452,-0.207679
2052-2,4.9,1.581442082,1.3002,0.93272205,4,0.25,0,-0.204397,-0.154802
2053-2,5.4,1.56887787,1.1083,0.9783506,4,0.25,0,0.039588,0.059951
2054-2,4.7,1.576678099,1.2926,0.91533228,4,0.25,0,0.010577,0.044346
2057-2,2.6,1.584407235,1.5607,0.98540577,12,0.25,0,0.149135,0.156784
2057-3,2.7,1.5826401,1.5504,0.99434298,12,0.25,0,0.131966,0.198893
2058-2,2.5,1.585261269,1.5538,0.98505929,12,0.25,0,0.115829,0.145267
2069-2,5.1,1.575162467,1.3404,1.00830723,4,0.25,0,-0.049862,-0.049435
2070-2,5,1.570704499,1.2791,1.05141339,4,0.25,0,0.047812,0.052435
2071-2,5.1,1.562379974,1.3165,1.05166374,4,0.25,0,-0.086131,0.118228
2098-2,4.8,1.549182469,1.5244,1.09518408,4,0.25,0,0.086676,0.153438
2099-2,4.7,1.557105492,1.5453,1.08639945,4,0.25,0,0.089308,0.099859
2135-3,2.3,1.621245769,1.5465,0.94260982,10,0.3,0,-0.198514,-0.087573
2135-4,2,1.628901033,1.4482,0.93309119,10,0.3,0,-0.215151,-0.07072
2136-2,2,1.632411936,1.4425,0.90854598,10,0.3,0,-0.242293,0.036912
2137-2,2.7,1.626972313,1.4544,0.93512158,10,0.3,0,-0.239318,-0.228974
2170-2,2.5,1.624612895,1.4866,1.00367119,10,0.3,0,0.047411,0.122632
2171-2,3.7,1.560172619,1.5588,0.89913313,10,0.3,0,0.040525,0.26645
2171-3,2.3,1.624089835,1.4929,0.99516297,10,0.3,0,0.041414,0.140013
2185-,3.4,1.582996581,1.3554,1.01305071,5,0.2,0,-0.082411,-0.006289
2187-2,4.3,1.588168394,1.4521,0.98695928,8,0.375,0,-0.179676,0.001597
2203-,6.1,1.487842385,1.1647,0.95357934,3,0.333333333,0,0.108458,0.108629
2205-,4.6,1.546098753,1.2405,0.82326898,3,0.333333333,0,0.023972,0.024617
2208-,5.1,1.536877974,1.2239,0.87147582,3,0.333333333,0,-0.110583,-0.086294
2211-,4.1,1.551637468,1.2432,0.84043013,3,0.333333333,0,-0.038883,-0.038871
2221-2,3.8,1.542070782,1.542,0.86331022,3,0.333333333,0,0.049333,0.04981
2231-2,3,1.553679766,1.2054,0.7691452,3,0.333333333,0,-0.2161,-0.215875
2232-2,5.4,1.534359926,1.2082,0.86411293,7,0.285714286,0,-0.21596,0.00773
2234-2,3.6,1.510433596,1.1605,0.80982788,3,0.333333333,0,-0.009134,-0.004746
2235-2,5,1.514476798,1.2202,0.88786943,3,0.333333333,0,-0.093871,0.045271
2242-2,6,1.514509642,1.1687,0.83183628,3,0.333333333,0,0.013772,0.026457
2246-2,5.4,1.526539523,1.2182,0.88400079,3,0.333333333,0,-0.097812,0.221967
2252-,5.8,1.505436418,1.1226,0.93864578,3,0.333333333,0,-0.043546,-0.017199
2253-2,6.2,1.483176899,1.1698,0.97533288,3,0.333333333,0,-0.005829,0.02138
2254-2,5.7,1.487244141,1.1656,0.96097381,3,0.333333333,0,-0.016041,0.081803
2256-2,5.6,1.490687551,1.1847,0.96622404,3,0.333333333,0,-0.060987,0.017862
2257-2,5,1.525838528,1.1561,0.92261988,3,0.333333333,0,-0.069902,-0.055843
2260-2,5.2,1.520916826,1.1707,0.84793466,3,0.333333333,0,-0.081426,0.172737
2273-2,5.2,1.506712095,1.5054,0.99579082,3,0.333333333,0,0.04608,0.187931
2274-2,4.4,1.551507872,1.3839,0.81051852,9,0.444444444,0,-0.235923,-0.058561
2275-2,6.1,1.466042377,1.4652,1.03295169,3,0.333333333,0,0.046619,0.254049
30b,4.2,1.475100764,1.3514,1.01002465,4,0.25,2,-0.241364,0.182105
31b,4.1,1.539995594,1.5371,0.93789981,4,0.25,2,-0.186529,-0.026976
48-,2.4,1.694556677,1.6944,0.85183993,8,0.125,0,-0.101815,-0.101491
49-,2.4,1.667782389,1.631,0.85975627,8,0.125,0,0.04013,0.040329
56-2,4,1.530622917,1.53,0.81673952,3,0.333333333,0,-0.048057,-0.016035
631-,4.4,1.909779048,1.3364,0.756102775,5,0.2,7,-0.4315395,0.848334
632-,5.1,1.573936792,1.2179,1.0063483,5,0.2,0,-0.006464,0.016747
67-2,6.2,1.47977364,1.161,1.00178595,3,0.333333333,0,0.06909,0.092832
701-,4.6,1.48268577,1.0733,0.88127369,19,0.368421053,1,-0.301992,0.228471
702-,3.1,1.472372257,1.1542,0.90475214,15,0.26666667,1,-0.305454,0.234047
719-2,3,1.586700132,1.5835,1.0011474,4,0.25,0,-0.234332,-0.062867
719-3,2.7,1.594340778,1.5943,0.96670712,4,0.25,0,-0.239152,-0.238652
74-,4.9,1.440848183,1.0846,0.95150855,19,0.368421053,1,-0.288455,0.216803
743-2,6.1,1.423148989,1.0037,0.97615183,17,0.411764706,1,-0.282412,0.200818
75-,3.1,1.443229037,1.1337,0.95861118,15,0.26666667,1,-0.295777,0.255414
771-2,4,1.466149788,1.1759,0.92921112,19,0.315789474,1,-0.308014,0.242019
776-,3.8,1.458192534,1.1557,0.93911538,19,0.263157895,1,-0.311122,0.235994
777-,3.4,1.435647847,1.0288,0.93799042,19,0.263157895,1,-0.278551,0.091807
778-,3.6,1.460725721,1.1554,0.93436984,19,0.263157895,1,-0.311395,0.229435
786-2,3.2,1.474162506,1.1862,0.92531397,11,0.27272727,1,-0.291451,0.256147
787-2,2.8,1.472635891,1.1824,0.9300846,11,0.27272727,1,-0.290909,0.257326
787-3,3.4,1.472333532,1.0868,0.92839461,11,0.27272727,1,-0.290248,0.25464
79-2,3.9,1.460316608,1.1711,0.93501366,15,0.26666667,1,-0.315708,0.238168
806-2,2.8,1.44706281,1.1263,0.8898278,15,0.26666667,1,-0.299774,0.24912
813-2,5.5,1.452144683,1.0674,0.96628843,15,0.333333333,1,-0.299664,0.190394
814-2,5.9,1.42433617,1.0939,1.00956368,15,0.333333333,1,-0.296819,0.225794
815-2,5.4,1.451699201,1.0661,0.9665346,15,0.333333333,1,-0.299518,0.189547
816-2,5.5,1.429185908,1.0751,0.99726261,15,0.333333333,1,-0.294824,0.228168
822-2,3,1.433215756,1.1354,0.95709745,15,0.26666667,1,-0.295708,0.199037
823-2,2.3,1.446796769,1.1318,0.93023965,15,0.26666667,1,-0.294049,0.221808