Molecule,Force,Ave_BondLength,Ave_CosbondLength,Ave_MayerBonds,ReactionRingAtoms,BrokenInRatio,BondType,Ave_MullikenCharge1,Ave_MullikenCharge2,MinLength,MaxLength,Elec_reac_max_mean,Elec_reac_min_mean,Nuc_reac_max_mean,Nuc_reac_min_mean
1,4.6,1.56357485,1.5234,1.04059988,4,0.25,0,-0.077219,-0.064145,22.6564728,25.6773358,0.01166,0.01152,0.01862,0.01856
2,5.6,1.56685126,1.3117,1.00505578,4,0.25,0,-0.07726,-0.075748,22.6627531,25.6844535,0.0136,0.01353,0.02191,0.02178
3,4.2,1.58142081,1.5495,1.0148796,4,0.25,0,-0.376695,-0.005578,22.649003,25.6688701,0.02132,0.01745,0.01157,0.0111
4,5.3,1.59150433,1.3137,1.0075528,4,0.25,0,-0.40036,-0.014528,22.6521564,25.6724439,0.02795,0.02442,0.01564,0.01259
5,3.5,1.59828634,1.5553,0.99053464,4,0.25,0,-0.35916,-0.307216,22.6407489,25.6595154,0.02771,0.02769,0.00732,0.00719
6,4.4,1.629876,1.3115,0.98813831,4,0.25,0,-0.337541,-0.335343,22.6400893,25.6587679,0.05288,0.05251,0.00921,0.00903
7,4.8,1.56177799,1.558,1.10685311,4,0.25,0,-0.026929,-0.009016,9.99463593,31.4117129,0.00541,0.00518,0.02467,0.02355
8,5.2,1.56337364,1.3273,1.0513863,4,0.25,0,-0.009588,0.061847,22.7213086,25.7508164,0.00852,0.00792,0.02721,0.02659
9,2.5,1.59278479,1.568,1.01709421,4,0.25,0,0.022721,0.026871,22.702187,25.7291452,0.00899,0.00737,0.05309,0.04977
10,4.7,1.56427093,1.5108,1.03863461,4,0.25,0,-0.04858,-0.002356,10.1358935,13.0318631,0.00291,0.00248,0.02338,0.01704
11,5,1.55965278,1.5298,1.03856988,4,0.25,0,-0.098603,0.022611,13.7664279,27.5328558,0.01596,0.01022,0.02935,0.02705
14,6.3,1.58257657,1.327,1.02174553,20,0.45,0,0.031388,0.032933,18.4210222,29.7570359,0.01099,0.01095,0.0383,0.03829
15,5.5,1.61937579,1.1552,0.95024225,20,0.45,0,-0.126084,-0.125848,31.7145711,43.7963125,0.00689,0.00687,0.02047,0.02046
16,3.5,1.5864047,1.5864,1.05796415,4,0.25,0,0.059288,0.059633,10.47994,26.9484172,0.00454,0.00452,0.03963,0.03935
17,3.4,1.58916695,1.5887,1.10085362,4,0.25,0,0.071883,0.082829,10.4828219,26.9558279,0.00389,0.00355,0.03795,0.02717
18,3.4,1.58413746,1.5808,1.05005236,4,0.25,0,0.054653,0.058357,10.4719792,29.9199404,0.00795,0.00774,0.03111,0.03057
19,4,1.58541668,1.5831,1.05231769,4,0.25,0,0.056446,0.059893,10.4816453,26.9528023,0.00313,0.0031,0.038,0.03688
20,5.8,1.5406445,1.2126,1.08621789,4,0.25,0,-0.004777,0.013712,25.7256256,33.2919861,0.00442,0.00429,0.01939,0.0149
21,5.5,1.5372749,1.2684,1.03822672,4,0.25,0,-0.018934,0.024822,22.6651175,31.7311645,0.00723,0.00632,0.01978,0.01852
22,5,1.55865799,1.5099,1.03825688,4,0.25,0,-0.006294,-0.004433,22.6563794,31.7189311,0.00928,0.00927,0.0193,0.01816
23,4,1.58518652,1.5462,0.90213313,4,0.25,0,-0.235949,-0.166045,22.6461514,31.704612,0.05702,0.02711,0.01226,0.00974
24,4.1,1.57278423,1.5367,1.02281024,4,0.25,0,-0.272387,0.071758,22.6454443,31.703622,0.01716,0.01306,0.0132,0.01022
25,4.5,1.55941582,1.525,1.03099856,4,0.25,0,-0.258991,0.020723,4.58293589,16.8040983,0.00785,0.00326,0.06831,0.0422
26,4,1.5658412,1.5367,1.05469313,4,0.25,0,-0.240917,0.044769,4.58573661,12.228631,0.00727,0.00313,0.06964,0.045
27,3.4,1.57238842,1.5424,0.98609059,4,0.25,0,-0.336427,0.001947,4.57896164,22.8948082,0.00674,0.00314,0.0433,0.0402
28,4.5,1.55466929,1.5066,1.05228002,4,0.25,0,0.013102,0.035214,9.998558,19.997116,0.0153,0.01529,0.04508,0.03531
29,4.7,1.59443962,1.1803,0.99737312,4,0.25,0,-0.052584,-0.05011,4.57597534,12.2026009,0.01156,0.01113,0.07914,0.06662
30,3.7,1.57634236,1.5763,0.98299398,4,0.25,0,-0.15122,0.182105,18.1379612,21.1609548,0.013,0.00743,0.0403,0.03365
31,3.8,1.44064449,1.2663,0.96181737,4,0.25,3,-0.186529,-0.160293,31.7303681,34.7523079,0.00605,0.00152,0.24554,0.17539
36,3.8,1.88114252,1.72975,0.97373093,0,0,6,-0.333721,0.016921,30.2541353,39.3303759,0.02074,0.00426,0.159955,0.01549
38,4.6,1.58685049,1.3865,1.02207622,9,0.3333333,0,-0.086389,-0.037244,18.149989,30.2499817,0.00979,0.00783,0.00641,0.006
39,4.1,1.59306093,1.4068,1.02869963,9,0.3333333,0,-0.013521,0.05453,25.6942061,37.7855972,0.00691,0.00659,0.01083,0.00644
40,4.2,1.58638138,1.3162,0.99415573,8,0.375,0,-0.04368,0.025182,18.1257201,24.1676268,0.01083,0.01063,0.01534,0.00872
41,4.7,1.58280304,1.482,1.00900466,10,0.4,0,-0.04414,0.223969,19.666202,25.7173411,0.01525,0.01277,0.0201,0.01851
42,4.2,1.5875848,1.4886,0.97203293,8,0.375,0,-0.04082,-0.004624,18.1385569,24.1847425,0.01178,0.01157,0.01113,0.00885
43,4.1,1.59024225,1.4903,0.97377808,8,0.375,0,-0.051335,-0.012383,16.6233877,22.6682559,0.01233,0.01164,0.01047,0.00901
44,4.2,1.58124745,1.3112,1.00590127,8,0.375,0,-0.045482,0.048414,18.1260438,24.1680584,0.01025,0.01016,0.00996,0.00925
45,4,1.58829535,1.4913,0.96649217,8,0.375,0,-0.035488,-0.009974,18.3249556,23.9634035,0.00643,0.00622,0.01349,0.00722
46,4.6,1.61023696,1.3747,0.99493463,8,0.375,0,-0.190297,0.013238,22.6702718,30.2270291,0.00413,0.00181,0.01343,-0.0019
47,4.3,1.58747737,1.4886,0.97476024,8,0.375,0,-0.052403,-0.0146,16.5923693,22.6259582,0.01424,0.0105,0.00836,0.00154
50,3.9,1.52811886,1.5281,0.8791646,3,0.33333333,0,-0.012961,-0.012018,10.703834,12.2329531,0.02279,0.02278,0.09652,0.09542
51,3.7,1.52856416,1.5286,0.88276632,3,0.33333333,0,-0.016957,-0.01572,10.7045396,12.2337595,0.02285,0.02284,0.09561,0.095
52,3.7,1.54254805,1.5425,0.87556992,3,0.33333333,0,-0.091094,-0.090645,10.705576,12.2349441,0.0195,0.01947,0.10698,0.10654
53,3.5,1.54164454,1.5416,0.86870132,3,0.33333333,0,-0.07032,-0.070102,10.7069437,12.236507,0.01796,0.01793,0.11049,0.1099
54,3.5,1.53208063,1.5321,0.89215882,3,0.33333333,0,0.039853,0.04121,13.7664759,18.3553012,0.02104,0.02098,0.08704,0.07933
55,4,1.52686122,1.5269,0.89269564,3,0.33333333,0,-0.028265,-0.027361,7.67446998,9.20936398,0.02296,0.02289,0.09185,0.09163
56,3.6,1.53190585,1.5314,0.84875578,3,0.33333333,0,-0.0589,0.050802,7.67392534,9.20871041,0.01698,0.0091,0.12682,0.05265
58,4.1,1.52836451,1.5284,0.88132094,3,0.33333333,0,-0.033193,-0.032355,7.6729917,9.20759004,0.02229,0.02228,0.10362,0.10341
59,3.8,1.53373741,1.5337,0.8786977,3,0.33333333,0,0.034646,0.036477,13.7662976,18.3550635,0.01635,0.01625,0.09225,0.0884
60,3.4,1.53928301,1.5392,0.84748279,3,0.33333333,0,-0.053057,0.039649,8.97753237,10.4737878,0.01384,0.01368,0.11702,0.09903
61,3.9,1.54116302,1.5411,0.85304798,3,0.33333333,0,-0.054728,0.036503,8.98431513,10.481701,0.01457,0.01407,0.11491,0.10077
62,5.4,1.52349008,1.2276,0.86464233,3,0.33333333,0,-0.03981,-0.036895,19.9241294,21.4567548,0.00281,0.00249,0.01431,0.01395
63,4,1.53424642,1.5342,0.8721383,3,0.33333333,0,-0.045425,-0.020664,19.9246508,21.4573163,0.00727,0.00686,0.00882,0.0058
64,5.3,1.51018709,1.1384,0.92271127,3,0.33333333,0,0.026027,0.04705,10.0169967,11.4479962,0.02161,0.02054,0.11047,0.09059
65,5.8,1.50914169,1.5083,1.00157959,3,0.33333333,0,0.038976,0.06968,10.0054211,11.434767,0.02084,0.01819,0.09732,0.09726
66,6.4,1.47734915,1.4773,1.04284045,3,0.33333333,0,0.097167,0.124363,13.7690768,18.358769,0.00455,0.00245,0.13169,0.12765
67,6.2,1.48380506,1.4837,0.99290442,3,0.33333333,0,0.063441,0.106377,10.7114796,12.241691,0.02229,0.01873,0.16452,0.11877
68,4,1.60900515,1.6089,1.01421627,4,0.25,0,-0.000336,0.076162,10.7135361,19.8965671,0.01194,0.00837,0.06484,0.0444
69,4.3,1.58677417,1.2416,1.03183709,4,0.25,0,0.013005,0.013802,7.66378784,16.8603332,0.00996,0.00993,0.05048,0.05046
70,4.6,1.56113485,1.1909,1.04719037,4,0.25,0,0.273791,0.276086,10.5802115,19.6489642,0.01621,0.01605,0.03392,0.03391
71,3.2,1.59935413,1.5992,1.0287012,4,0.25,0,-0.02786,0.152173,10.7018787,19.8749176,0.01268,0.01061,0.05555,0.04438
72,3.8,1.59734875,1.5973,1.03017341,4,0.25,0,-0.003481,-0.003412,7.67247212,16.8794387,0.01149,0.01148,0.05179,0.05178
73,3,1.57584098,1.5758,1.00410316,4,0.25,0,0.255308,0.255451,10.5513115,19.5952928,0.01747,0.01744,0.03442,0.03438
74,4.6,1.47759308,1.0559,0.8862862,19,0.36842105,1,-0.296283,0.218378,19.5489242,28.5715045,0.03814,0.00574,0.05099,0.02273
75,2.9,1.47984197,1.1685,0.88811067,15,0.26666667,1,-0.299033,0.225361,18.0810702,34.6553846,0.03954,0.00572,0.04383,0.02116
76,2.9,1.47700563,1.1125,0.8935477,15,0.26666667,1,-0.300339,0.222694,19.6301081,36.2401996,0.04154,0.00668,0.02776,0.01933
77,2.1,1.9221468,1.3049,0.94939,15,0.26666667,6,-0.069851,0.057912,21.7300949,37.6654979,0.0996,0.01188,0.15889,0.00355
78,3.5,1.4650301,1.1601,0.92246599,15,0.26666667,1,-0.311833,0.23241,18.1371188,34.7628111,0.01632,0.00584,0.09166,0.02259
79,3.4,1.46845861,1.1718,0.91523263,15,0.26666667,1,-0.30994,0.233088,18.0282026,34.5540551,0.01761,0.00627,0.09685,0.0211
82,4.9,1.46037343,1.1048,0.94897044,15,0.33333333,1,-0.308834,0.227215,21.1852179,34.8042865,0.01926,0.00653,0.09429,0.02173
83,4.2,1.44488045,1.198,0.94286463,10,0.3,1,-0.31261,0.200608,24.2051366,36.3077049,0.02,0.00944,0.15907,0.01616
84,4.8,1.44730324,1.2013,0.95406079,10,0.3,1,-0.306826,0.23141,24.2104902,36.3157354,0.01938,0.007,0.17845,0.01855
85,4.4,1.45312051,1.1927,0.93683714,10,0.3,1,-0.33149,0.23129,21.2164439,33.3401261,0.01725,0.00952,0.16749,0.01652
86,3.9,1.44855052,1.1994,0.93737404,10,0.3,1,-0.312104,0.205483,24.211885,36.3178275,0.01802,0.00781,0.05132,0.00981
87,4.9,1.44595543,1.1971,0.95678551,10,0.3,1,-0.301568,0.247651,24.2106757,36.3160135,0.01692,0.00859,0.04272,0.00903
88,4.1,1.45600475,1.194,0.93004099,10,0.3,1,-0.33172,0.235766,21.2275151,33.3575237,0.01555,0.00794,0.06217,0.00995
90,3.9,1.49697589,1.0899,0.91636459,0,0,2,-0.167747,-0.1253505,10.7232729,10.7232729,0.216695,0.02059,0.40803,0.071415
91,4.9,1.44324008,1.0228,0.90724789,0,0,4,-0.246483,-0.243217,7.66217682,7.66217682,0.03151,0.02891,0.14384,0.13428
92,2.1,2.141217077,1.7109,0.99303505,0,0,5,-0.045082,-0.042799,15.2577363,15.2577363,0.11404,0.11363,0.31506,0.3122
93,3.5,2.08464921,1.5697,1.09306843,0,0,5,-0.081873,-0.053431,16.6317554,16.6317554,0.15243,0.14188,0.50247,0.42533
94,3.5,1.63534321,1.1509,0.90529049,0,0,0,-0.170447,-0.1524,22.9420971,22.9420971,0.01471,0.01432,0.00137,0.0004
95,4.7,1.63183895,1.1469,0.97030048,0,0,0,0.013502,0.015803,22.9403107,22.9403107,0.00054,0.00047,0.00379,0.00347
96,4.1,1.61906813,1.1299,0.98109337,0,0,0,-0.098864,-0.097807,19.6238058,40.7571352,0.0146,0.01459,0.00472,0.00462
98,3.4,1.58997322,1.5898,1.02653097,4,0.25,0,0.06828,0.073811,10.4815376,22.4604378,0.00583,0.00581,0.07091,0.07088
99,3.1,1.55964607,1.5582,1.0506589,4,0.25,0,0.211409,0.240323,10.5528528,22.6132561,0.00454,0.00361,0.03486,0.02714
100,4,1.5595126,1.5574,1.04862122,4,0.25,0,0.211914,0.238115,10.553455,22.6145465,0.00607,0.00458,0.01691,0.01025
101,3.2,1.58912564,1.5891,1.02059895,4,0.25,0,0.017482,0.020675,10.4804775,22.4581662,0.00743,0.00738,0.06847,0.06805
102,5,1.54941172,1.2286,0.8487534,3,0.33333333,0,-0.17063,-0.163524,19.9244885,21.4571414,0.00309,0.00285,0.01022,0.00949
103,3.6,1.5569348,1.5569,0.86062034,3,0.33333333,0,-0.179425,-0.165512,19.9295483,21.4625905,0.00471,0.0043,0.01237,0.01073
105,4.5,1.57348618,1.2604,0.83887652,4,0.25,0,0.224457,0.22822,21.2019883,24.0289201,0.00362,0.00327,0.01363,0.01268
106,3.3,1.5749121,1.5589,0.87173707,4,0.25,0,0.230962,0.243317,21.1967143,24.0229429,0.00209,0.00179,0.01681,0.01591
107,3.7,1.60667992,0.7938,1.00872969,5,0.2,0,-0.0332623,0.07046133,10.7346236,29.1368355,0.00208333,0.00107333,0.01787333,0.01154
110,4.3,1.84380374,1.2105,0.9764217,0,0,6,-0.086524,0.0187535,19.6555591,24.1914574,0.13651,0.021285,0.501655,0.061725
111,4.6,1.84013076,1.2069,1.00348885,0,0,6,-0.1714705,0.109127,14.315266,14.315266,0.145075,0.013105,0.365855,0.03862
112,4,1.70396921,1.0463,0.80086802,0,0,7,-0.398228,1.0249845,45.2758178,48.2942056,0.02837,0.00687,0.04954,0.01078
113,4.7,1.8313552,1.4706,1.03108723,0,0,6,-0.09207,-0.072288,14.3021709,14.3021709,0.02915,0.001755,1.20769,0.089025
115,5.4,1.54000967,1.4788,0.97124343,0,0,0,-0.095474,0.382359,19.8638317,21.3918188,0.03773,0.00671,0.04968,-0.01262
116,5.5,1.53385118,1.4726,0.97108332,0,0,0,-0.088803,0.390155,19.8684678,21.3968115,0.01506,0.00349,0.05181,-0.00308
117,5.8,1.53163702,1.4706,0.9688617,0,0,0,-0.023183,0.398203,19.8684553,21.396798,0.00862,0.00181,0.03879,0.00989
119,3.7,1.7975618,1.38195,0.92059802,0,0,6,-0.102461,0.312254,21.2241319,21.2241319,0.2578,0.05891,-0.018775,-0.02305
120,5,1.48818731,1.3514,1.02607174,15,0.33333333,2,-0.311555,0.147466,21.7309783,43.4619565,0.01232,0.00416,0.06111,0.01116
611,3.9,1.80758964,1.7041,0.80647593,0,0,6,-0.063137,0.803547,11.1018241,11.105114,0.05854,0.04412,0.095465,0.03802
618,4.7,1.83399257,1.1673,1.00276672,0,0,6,-0.11683,-0.088545,28.9547153,35.0504448,0.02683,0.00906,0.82101,0.06983
619,3.6,2.09807923,1.3675,1.10204665,0,0,5,-0.082327,-0.076009,30.4582487,36.5498984,0.09513,0.09295,0.87303,0.86876
622,3.5,2.09053758,1.5229,1.08525703,0,0,5,-0.098152,-0.070269,12.1575946,12.1575946,0.10445,0.10327,0.72991,0.61227
623,4.5,1.57513939,1.5741,1.0318136,5,0.2,0,0.062425,0.063637,9.97480343,15.6746911,0.00649,0.0058,0.02599,0.02426
624,4.6,1.56438178,1.5472,1.02678547,5,0.2,0,0.039896,0.095334,9.9833661,15.6881467,0.00653,0.00387,0.029,0.01676
625,4.7,1.56489582,1.5482,1.02603541,5,0.2,0,0.040152,0.097657,9.97535453,15.6755571,0.00545,0.0029,0.02615,0.01411
627,4.1,1.59472623,1.5915,0.98174285,5,0.2,0,-0.012451,0.001542,13.7894662,22.9824437,0.00106,0.00097,0.01233,0.01168
628,3.3,1.59177242,1.5912,0.97266943,5,0.2,0,0.060096,0.077502,10.1748457,15.9890432,0.00639,0.00429,0.03835,0.02771
630,4.3,1.58251144,1.5822,1.00523459,5,0.2,0,-0.017928,0.016513,16.7512708,22.842642,0.00214,0.00181,0.02068,0.01707
631,4.1,1.58741131,1.5862,0.99403297,5,0.2,0,0.006301,0.016768,16.7582328,22.8521356,0.00274,0.0026,0.01561,0.00983
632,4.2,1.58485396,1.5801,1.01083598,5,0.2,0,0.005361,0.008741,7.67089687,13.8076144,0.00494,0.00385,0.02956,0.02655
701,4.9,1.44154978,1.0807,0.95091949,19,0.36842105,1,-0.288364,0.220309,19.7018492,28.7950104,0.03955,0.00469,0.02363,0.0052
702,3.1,1.47098275,1.1142,0.91186037,15,0.26666667,1,-0.307874,0.222138,16.6120222,33.2240444,0.03576,0.00583,0.06163,0.0197
703,5,1.4419264,1.0906,0.95305562,19,0.36842105,1,-0.287525,0.219003,29.2878004,38.5365795,0.0392,0.00451,0.01937,0.0014
704,5.1,1.44313658,1.0875,0.9522745,19,0.36842105,1,-0.287993,0.227211,29.1422403,38.345053,0.04104,0.00496,0.02323,0.00771
705,5,1.4415987,1.0924,0.95377093,19,0.36842105,1,-0.28736,0.217396,29.3038608,38.5577115,0.04039,0.0048,0.02419,0.00665
706,2.9,1.44147337,1.0831,0.9451682,15,0.26666667,1,-0.303698,0.221079,22.8682437,38.5901613,0.03732,0.00516,0.02567,0.00601
707,2.8,1.47606744,1.1011,0.90061646,15,0.26666667,1,-0.311479,0.222797,18.453134,35.3685068,0.03578,0.00624,0.02188,0.01809
708,2.7,1.47625802,1.1956,0.89623772,15,0.26666667,1,-0.298807,0.234177,18.4819613,35.4237591,0.03387,0.00489,0.06422,0.02245
710,4.3,1.5763462,1.3669,1.01504842,9,0.33333333,0,-0.021837,0.219311,21.4455081,33.7000841,0.00626,0.00496,0.00866,0.00784
711,4.3,1.58313269,1.3725,1.0314397,9,0.33333333,0,-0.040893,0.061747,21.4451864,33.6995786,0.00553,0.00348,0.02305,0.00404
713,4.2,1.57806336,1.3772,1.01503135,9,0.33333333,0,-0.018912,0.216112,16.8504088,29.1052515,0.0098,0.00877,0.02102,0.00778
714,4.2,1.58247566,1.3743,1.02778959,9,0.33333333,0,-0.030762,0.053979,16.849878,29.1043348,0.00847,0.00676,0.02554,0.00656
716,5.1,1.45578983,1.2788,0.93919992,9,0.33333333,2,-0.288506,0.139144,20.0233939,28.6048484,0.00499,0.00388,0.33631,0.04342
719,3.2,1.57197192,1.572,1.09021588,4,0.25,0,-0.042275,-0.04201,4.56760119,10.6577361,0.00969,0.00969,0.10285,0.10279
720,4.5,1.5565884,1.547,1.1360553,4,0.25,0,0.050215,0.123784,9.98677448,15.6935028,0.0111,0.00975,0.06071,0.05551
721,5.4,1.57882506,1.2455,1.03938976,4,0.25,0,-0.309973,0.184292,9.99658158,15.7089139,0.01113,0.01113,0.04947,0.04667
722,3.9,1.58944127,1.5881,0.99786071,4,0.25,0,-0.255802,-0.210709,9.99206883,12.8469456,0.0103,0.01014,0.03802,0.03585
725,4.4,1.56686433,1.5443,1.04871379,4,0.25,0,-0.06969,-0.053814,19.5454799,22.5524768,0.00085,0.00055,0.00071,0.00031
726,5.9,1.57466832,1.4534,1.02451128,9,0.44444444,0,-0.058494,-0.022232,12.3108009,18.4662014,0.006,0.00361,0.04167,0.02842
727,4.9,1.58020131,1.3651,0.99585751,8,0.375,0,-0.224114,-0.042356,10.7194207,16.8448039,0.0045,0.00368,0.02329,0.01943
728,4.9,1.4376898,0.0914,0.94515085,4,0.25,3,-0.170945,-0.161106,13.7100956,21.3268154,0.00763,0.00611,0.37719,0.04938
734,4.3,1.57445254,1.3708,1.03268262,9,0.33333333,0,-0.020667,0.234279,30.5890762,45.1553029,0.007,0.00555,0.00297,0.00245
735,5.7,1.47112323,1.1245,0.91940399,19,0.42105263,1,-0.30178,0.222002,39.8874012,56.7628401,0.02576,0.00391,0.0096,-0.00152
736,4.5,1.55523626,1.5415,1.06155375,4,0.25,0,-0.156773,0.217104,13.7348948,16.7870937,0.03062,0.02292,0.09227,0.04551
737,5.6,1.53217509,1.1717,1.05962284,4,0.25,0,-0.14484,0.204387,13.7108408,16.7576943,0.02781,0.01732,0.09082,0.03827
738,4.1,1.5572103,1.5571,1.02419076,4,0.25,0,-0.183076,0.140344,7.66894507,10.7365231,0.01097,0.00961,0.12662,0.05108
739,4.8,1.54817151,1.2378,1.03372355,4,0.25,0,-0.161014,0.147752,7.66022033,10.7243085,0.00837,0.00777,0.12403,0.05
742,5.2,1.4185494,0.9964,0.97313871,17,0.35294118,1,-0.346163,0.207866,24.5075051,36.7612576,0.00514,-0.00006,0.00934,0.00677
743,4.8,1.42398174,1.0041,0.97443395,17,0.35294118,1,-0.282693,0.205997,18.249082,30.4151367,0.02388,0.00245,0.01498,0.00797
744,5.1,1.43057,1.0999,0.98740952,19,0.42105263,1,-0.295718,0.218564,38.2245559,47.3984493,0.00348,0.00198,0.0236,0.01764
745,4.4,1.46125279,1.1954,0.93432587,10,0.3,1,-0.333363,0.225195,21.2183979,33.3431967,0.01092,0.00656,0.13152,0.01073
746,4.2,1.45859818,1.2121,0.941976,10,0.3,1,-0.330259,0.254001,18.1866174,31.8265804,0.01138,0.00743,0.10785,0.00917
747,4.2,1.46482438,1.1986,0.92805574,10,0.3,1,-0.333948,0.226172,21.2193825,33.344744,0.00994,0.00566,0.12431,0.01307
752,5.3,1.42951014,1.0673,0.9804798,19,0.42105263,1,-0.303955,0.23479,30.6645505,44.4635982,0.00396,0.00184,0.02574,0.01704
755,5.2,1.46939776,1.0738,0.90924912,19,0.42105263,1,-0.316584,0.247331,22.940317,32.1164438,0.0234,0.00382,0.05981,0.01745
756,2.3,1.94012479,1.5323,0.91767071,15,0.26666667,6,-0.024342,0.029065,19.6520172,36.2806472,0.08806,0.01054,0.22779,0.00471
757,4.9,1.48572053,1.1797,0.88096209,23,0.34782609,1,-0.314142,0.224772,21.4513458,33.7092576,0.02496,0.00527,0.06895,0.02006
760,3.6,1.45611869,1.0318,0.94579802,10,0.3,1,-0.333631,0.242244,24.243482,36.365223,0.00669,0.00484,0.12168,0.01218
762,4.6,1.44584145,1.1996,0.9401948,10,0.3,1,-0.312981,0.200148,15.5531793,26.8645824,0.01995,0.00833,0.1526,0.01544
763,3.3,1.43725875,1.1338,0.95706497,15,0.26666667,1,-0.303095,0.228405,30.7033998,56.8012897,0.01465,0.00095,0.02105,0.00657
764,4.3,1.45509596,1.1894,0.93217404,10,0.3,1,-0.334006,0.230144,25.7783554,37.9093462,0.01766,0.00826,0.16892,0.01519
766,3.2,1.49094545,1.1245,0.89012602,15,0.26666667,1,-0.309301,0.235618,18.0682922,34.6308934,0.04128,0.00642,0.04012,0.01994
771,3.6,1.47032915,1.0576,0.91955708,19,0.2631579,1,-0.320262,0.258302,19.6321687,39.2643374,0.02452,0.00537,0.10603,0.01855
773,3,1.4393085,1.1243,0.95984434,15,0.26666667,1,-0.296888,0.250002,18.1260106,34.7415204,0.03392,0.00506,0.02488,0.01127
774,2.8,1.45866701,1.0802,0.89686598,15,0.26666667,1,-0.268141,0.104216,18.1230258,34.7357994,0.03805,0.00329,0.03621,0.02738
775,3.8,1.45922145,1.1749,0.93160174,15,0.26666667,1,-0.297425,0.214017,18.1325142,40.798157,0.02692,0.00767,0.08151,0.01902
776,4.3,1.46214042,1.0601,0.93932762,19,0.2631579,1,-0.313642,0.219568,19.6915691,45.4420826,0.02942,0.00846,0.11219,0.01643
777,3.4,1.43631929,0.9816,0.93842039,19,0.2631579,1,-0.266128,0.077536,19.6517665,45.3502303,0.02958,0.0068,0.07194,0.01736
778,3.9,1.46126224,1.0667,0.94444778,19,0.2631579,1,-0.304427,0.212665,19.6816639,45.4192243,0.03244,0.00894,0.10476,0.01645
779,3.5,1.47901945,1.0579,0.87224324,24,0.20833333,1,-0.305812,0.118443,19.6800956,45.4156052,0.03278,0.00968,0.17295,0.01932
780,3.2,1.4719741,1.1534,0.90575556,15,0.26666667,1,-0.305548,0.227058,18.0937484,34.6796845,0.02068,0.00658,0.06198,0.02172
782,3,1.47903584,1.1843,0.89249995,15,0.26666667,1,-0.30341,0.230311,18.0959931,34.6839867,0.02651,0.00691,0.05177,0.02173
783,3.4,1.45892969,1.2059,0.92875655,24,0.33333333,1,-0.31613,0.253432,27.2000718,66.4890645,0.01018,0.00332,0.05672,0.01209
784,3.5,1.45747076,1.2029,0.93277303,24,0.33333333,1,-0.316064,0.252851,27.1869429,57.3946573,0.01069,0.00359,0.04557,0.01116
785,3.2,1.47400931,1.1716,0.90258318,15,0.26666667,1,-0.303034,0.22977,18.1108835,34.7125266,0.02777,0.00594,0.06771,0.02204
786,3.6,1.47208301,1.1833,0.92732012,11,0.27272727,1,-0.29354,0.2534,22.6640931,42.3063071,0.04469,0.01054,0.02376,0.01747
787,2.9,1.46887704,1.1838,0.93140109,11,0.27272727,1,-0.286205,0.252721,24.159783,45.2995931,0.04899,0.01105,0.02228,0.01859
788,3.9,1.45982851,1.1534,0.93070361,15,0.26666667,1,-0.298249,0.208278,18.149006,40.8352634,0.02603,0.00753,0.10186,0.01984
790,4.6,1.47742034,1.0602,0.88804234,19,0.36842105,1,-0.297344,0.223438,24.2600218,33.35753,0.03863,0.00572,0.0514,0.02228
791,4.1,1.46040224,1.0701,0.94137896,19,0.31578947,1,-0.315165,0.217268,21.2009187,43.9161888,0.02785,0.00868,0.11117,0.01624
792,4.7,1.46145145,1.0719,0.94048799,19,0.36842105,1,-0.31397,0.217637,22.7109789,45.4219579,0.02661,0.00829,0.10447,0.0156
793,3.1,1.47308985,1.1768,0.9029609,15,0.26666667,1,-0.303764,0.232953,36.2217801,52.8234294,0.0152,0.00276,0.01141,0.0078
794,6.2,1.45959222,1.1363,0.94552616,19,0.42105263,1,-0.311492,0.219934,27.5837517,33.7134743,0.01643,0.00517,0.05118,0.01908
795,4.7,1.43902121,1.0699,0.9496461,19,0.36842105,1,-0.288953,0.217162,25.982317,35.1525466,0.03952,0.00464,0.02475,0.006
799,5.5,1.44144862,1.1962,0.94211419,10,0.3,1,-0.318824,0.189418,21.1825369,39.3389971,0.02046,0.00939,0.14694,0.01794
800,4.6,1.44187478,1.1963,0.94183123,10,0.3,1,-0.313334,0.182387,22.694186,37.8236434,0.02143,0.00897,0.15601,0.01682
801,3.4,1.44171661,1.1236,0.94627799,15,0.26666667,1,-0.291179,0.213598,25.6277305,46.7329203,0.03925,0.0047,0.02041,0.00098
802,3.5,1.42944614,1.1294,0.97797647,15,0.26666667,1,-0.29617,0.220726,18.065766,34.6260515,0.01689,0.00622,0.01746,0.0127
803,3.9,1.41833558,1.1519,1.00871325,15,0.26666667,1,-0.281296,0.206027,39.8102231,67.3711467,0.0271,0.00708,0.02197,0.01334
804,3.1,1.44100833,1.1536,0.95925236,15,0.26666667,1,-0.305833,0.263857,30.6396986,47.4915328,0.03524,0.00503,0.02164,0.01593
805,3.6,1.43301052,1.1486,0.97866457,15,0.26666667,1,-0.317766,0.25774,30.650543,47.5083417,0.01485,0.0051,0.02403,0.01989
806,3.6,1.43966059,1.1120792,0.96279278,15,0.26666667,1,-0.311086,0.27243,55.9583061,78.6441059,0.00689,0.00203,0.02503,0.01555
807,4.5,1.4422452,1.083,0.94655244,19,0.36842105,1,-0.286616,0.221455,33.9037287,52.3966716,0.0396,0.00465,0.02207,0.00356
808,4.6,1.45295419,1.1834,0.93992398,14,0.35714286,1,-0.326959,0.221923,22.7208589,31.8092025,0.01708,0.0092,0.18522,0.01686
809,5.1,1.45207696,1.1851,0.94379729,14,0.42857143,1,-0.32573,0.224714,24.1899795,33.2612218,0.01642,0.00938,0.17917,0.01692
811,3.7,1.88407302,1.2566,0.95221096,19,0.36842105,6,-0.048257,0.056703,19.6166535,28.6704936,0.04962,0.00766,0.39525,0.01486
812,3.6,1.43907627,1.0748,0.94046115,15,0.26666667,1,-0.304251,0.223895,19.5950512,36.1754791,0.04837,0.00749,0.00639,-0.00912
813,4.7,1.46077032,1.0893,0.94826255,15,0.33333333,1,-0.311122,0.220098,30.2299191,49.8793665,0.0136,0.00421,0.02352,0.01399
814,5.1,1.44115101,1.1177,0.99542379,15,0.33333333,1,-0.30888,0.252271,28.7191046,52.9036137,0.01196,0.0032,0.01832,0.01443
815,4.7,1.45862852,1.139,0.94973149,15,0.33333333,1,-0.3085,0.225873,28.716108,49.8753455,0.0133,0.00404,0.01907,0.01436
816,4.8,1.43324746,1.1115,0.98571651,15,0.33333333,1,-0.304721,0.250938,27.1996088,51.3770388,0.01501,0.0045,0.01795,0.01267
817,4.4,1.4320401,1.1202,0.9879842,15,0.33333333,1,-0.304817,0.248903,25.6897206,52.8906012,0.01494,0.0045,0.0169,0.01419
818,4.7,1.47969448,1.0975,0.89450418,19,0.36842105,1,-0.301855,0.2244,27.4843216,39.6995756,0.01274,0.00372,0.01639,0.01437
819,3.4,1.4432692,1.1308,0.94100971,15,0.26666667,1,-0.289823,0.221358,33.1609489,49.7414233,0.03932,0.00459,0.02305,0.00453
820,3.4,1.46994822,1.166,0.90771881,15,0.26666667,1,-0.287341,0.201165,18.1622189,34.8109195,0.04273,0.00799,0.04513,0.02192
821,2.5,1.48291517,1.1794,0.88645294,15,0.26666667,1,-0.299581,0.209765,27.1283286,43.7067516,0.03773,0.00563,0.02617,0.01763
822,3.7,1.42503165,1.1247,0.9843828,15,0.26666667,1,-0.309973,0.201204,42.3571751,65.0485189,-0.00025,-0.00242,0.01836,0.00902
823,3.7,1.44531037,1.1354,0.93293146,15,0.26666667,1,-0.294112,0.224345,24.1033008,43.6872327,0.03024,0.00324,0.01908,0.00307
1005,2.7,1.48252829,1.1352,0.89015254,15,0.26666667,1,-0.299899,0.211652,28.6075491,49.6867958,0.03768,0.00559,0.01433,0.00375
1006,4.7,1.43640069,1.0609,0.95974942,19,0.36842105,1,-0.293054,0.218942,27.1074336,51.2029301,0.01513,0.00368,0.01496,0.00067
1007,3,1.47337335,1.1258,0.91220878,15,0.26666667,1,-0.303626,0.233565,18.1034203,34.6982222,0.02639,0.00673,0.05487,0.01997
1009,5,1.44165409,1.0868,0.94977753,19,0.36842105,1,-0.286605,0.218825,27.5623469,36.7497959,0.02725,0.00308,0.02343,0.0042
1012,4.2,1.45747518,1.1332,0.94516032,10,0.3,1,-0.31924,0.244806,19.6896633,31.8063791,0.02069,0.00609,0.16332,0.01541
1014,3.5,1.46468871,1.1426,0.93560836,15,0.26666667,1,-0.311802,0.237205,18.1272755,34.7439447,0.01113,0.00204,0.03639,0.01317
1015,5.5,1.4523835,1.0718,0.96502912,15,0.33333333,1,-0.299588,0.189997,30.2259806,49.8728681,0.01338,0.0046,0.01657,0.01128
1016,5.7,1.41872326,1.1243,1.01802991,15,0.33333333,1,-0.295987,0.212465,25.6922545,54.4071271,0.00991,0.00317,0.01934,0.01633
1017,2.3,1.44561296,1.1232,0.93264181,15,0.26666667,1,-0.293684,0.22133,22.5788553,39.1366826,0.03041,0.00323,0.02341,0.00535
1018,4.3,1.4477084,1.191,0.94431223,10,0.3,1,-0.31512,0.209169,19.6218456,31.6968275,0.01663,0.00876,0.17334,0.01635
1019,2.8,1.46999471,1.142,0.91944201,15,0.26666667,1,-0.273563,0.23225,25.6882593,45.3322222,0.01275,0.00256,0.04372,0.01625
1020,4.1,1.45365135,1.1897,0.94061267,15,0.33333333,1,-0.325235,0.229403,22.6779638,39.3084706,0.01731,0.00834,0.17173,0.01394
1021,2.9,1.47672893,1.1413,0.89566995,15,0.26666667,1,-0.313459,0.230837,22.8071928,39.5324675,0.02908,0.00374,0.04323,0.01904
1022,4.9,1.48334641,1.1247,0.88516842,19,0.36842105,1,-0.300917,0.21551,33.0857925,43.6130901,0.024,0.00282,0.00813,-0.01022
1023,2.7,1.85456893,1.4153,1.00465401,15,0.26666667,6,-0.062021,0.01287,16.6217629,33.2435258,0.04515,0.00535,0.14259,0.00262
1024,3.9,1.42920042,1.1223,0.98380386,15,0.26666667,1,-0.297763,0.222615,18.1317942,40.7965369,0.02438,0.0066,0.03473,0.02606
1025,3.6,1.46457281,1.148,0.92348321,15,0.26666667,1,-0.310414,0.232366,18.1365064,34.7616372,0.01499,0.0045,0.09118,0.01566
1026,2.5,1.4783523,1.1733,0.88488036,15,0.26666667,1,-0.306266,0.229913,22.6132611,45.2265221,0.03395,0.00495,0.06374,0.01697
1027,3.5,1.434346,1.1091,0.98384443,15,0.26666667,1,-0.306199,0.255242,18.1179399,34.7260516,0.01849,0.00329,0.07056,0.01851
1029,3.7,1.47022835,1.1806,0.91820786,10,0.3,1,-0.318006,0.256878,25.6862569,45.3286887,0.03367,0.00796,0.02804,0.01314
1030,2.6,1.48254487,1.1805,0.88138398,15,0.26666667,1,-0.301661,0.225364,34.6518514,51.2244759,0.03445,0.00471,0.01445,0.01303
1031,4.5,1.48291089,1.0917,0.88041608,23,0.39130435,1,-0.301159,0.225675,22.5574557,33.0842684,0.03086,0.00432,0.02067,0.01239
1032,2.6,1.48112826,1.2091,0.88754036,15,0.26666667,1,-0.299557,0.22771,34.6871081,54.2928649,0.03501,0.00447,0.01555,0.01197
1033,3.5,1.43433491,0.9959,0.96599033,17,0.35294118,1,-0.28747,0.272429,18.2483581,30.4139302,0.02865,0.00199,0.03827,0.02356
1034,3,1.43750063,0.9988,0.93954153,17,0.35294118,1,-0.285442,0.232849,18.2474528,30.4124214,0.02738,0.00371,0.03707,0.01871
1035,2.9,1.43487702,0.9971,0.94684051,17,0.35294118,1,-0.285425,0.231957,18.244873,30.4081217,0.02286,0.00545,0.03919,0.01919
1036,3.5,1.43335396,1.0007,0.94584707,17,0.35294118,1,-0.284178,0.22436,18.2536113,30.4226856,0.02277,0.00482,0.0437,0.02029
2001,3.4,1.57889695,1.5733,0.90386497,4,0.25,0,0.315323,0.356969,10.4667553,22.4287614,0.01492,0.01287,0.0221,0.01443
2002,3.6,1.56053323,1.5604,1.05650404,4,0.25,0,0.20915,0.259209,10.5312813,22.5670314,0.00725,0.00673,0.02048,0.01969
2003,5.1,1.48529034,1.48529034,1.01941684,15,0.33333333,2,-0.312431,0.146617,25.6859412,48.350007,0.01301,0.00634,0.01604,0.00746
2004,4.9,1.48829065,1.3499,1.02447244,15,0.33333333,2,-0.312147,0.1531,25.7004118,48.3772457,0.01169,0.00442,0.02699,0.01127
2005,5.1,1.48710335,1.35283681,1.03035197,15,0.33333333,2,-0.310864,0.154434,25.6873778,48.3527112,0.01288,0.00558,0.03021,0.00976
2006,5.1,1.48592121,1.3533,1.03433707,15,0.33333333,2,-0.312445,0.145899,25.6884675,54.3991077,0.0078,0.0034,0.00761,0.00171
2007,4.8,1.49254383,1.33305075,0.96407337,15,0.33333333,2,-0.320968,0.137368,22.9898688,39.849106,0.00509,0.00276,0.01102,0.00265
2008,4.9,1.4911172,1.34067729,1.02436622,15,0.33333333,2,-0.307174,0.160101,22.6889714,45.3779428,0.01316,0.00434,0.01851,0.01049
2009,4.5,1.4822358,1.3154,1.01872367,15,0.26666667,2,-0.272902,0.143914,24.5177777,58.2297221,0.00397,0.00178,0.09091,0.01214
2010,5.5,1.45197771,1.2119,0.91570229,9,0.33333333,1,-0.332646,0.321009,30.0404728,34.3319689,0.00559,0.00304,0.04189,0.01532
2011,5.3,1.45600583,1.1819,0.93594965,13,0.38461539,1,-0.325361,0.22856,25.7401271,39.3672532,0.00723,0.00611,0.12329,0.01301
2012,4.3,1.57947199,1.3116,0.98568748,8,0.375,0,-0.014953,0.312353,28.7341192,34.7834074,0.00367,0.00162,0.0066,0.00042
2013,3.9,1.56361187,1.5007,1.00473623,9,0.33333333,0,0.131881,0.169602,20.0073836,28.5819766,0.00238,0.00094,0.04228,0.03782
2014,3.3,1.56552734,1.5086,1.01395817,9,0.33333333,0,0.113175,0.179002,20.0042726,28.5775323,0.0036,0.00175,0.04209,0.03743
2015,4.1,1.5883966,1.3131,1.00127274,8,0.375,0,-0.022622,0.341221,37.1702841,42.8887893,0.00164,-0.00047,0.00557,-0.00211
2016,3.9,1.59027342,1.3184,0.98877381,8,0.375,0,-0.047147,0.042149,19.8471456,25.9539597,0.0102,0.00951,0.02344,0.00945
2019,4.6,1.58522966,1.3621,0.93106393,8,0.375,0,-0.324193,0.050076,10.7032382,16.8193743,0.02013,0.00995,0.05159,0.02406
2020,4.5,1.58034783,1.3467,0.93165902,8,0.375,0,-0.364685,0.034433,18.1156529,24.1542039,0.02262,0.01055,0.03746,0.01291
2021,4,1.58959504,1.3316,0.98864054,8,0.375,0,-0.044959,0.031055,7.57032192,13.6265795,0.01171,0.01124,0.02676,0.02642
2022,6,1.56999057,1.4208,0.95849906,10,0.4,0,-0.123495,0.015981,19.6259366,25.6646863,0.02327,0.01162,0.05179,0.01933
2023,4.6,1.573743,1.4523,0.94287207,8,0.375,0,-0.372741,0.060942,18.1622043,24.2162724,0.01878,0.00852,0.03642,0.01356
2024,6.1,1.55976255,1.0434,0.96578078,10,0.4,0,-0.135801,0.009633,19.6518561,25.6985811,0.02035,0.00769,0.04557,0.01504
2025,4.5,1.58142956,1.3313,0.99164724,8,0.375,0,-0.128381,-0.012645,7.58014086,13.6442536,0.0096,0.00912,0.045,0.02528
2026,4.8,1.58824014,1.3423,0.97386758,8,0.375,0,-0.267031,-0.034234,16.6052291,22.6434942,0.00963,0.00842,0.01688,0.01164
2027,5.7,1.57713714,1.4622,1.006779,10,0.4,0,-0.006911,0.078295,19.632302,25.6730103,0.0121,0.01026,0.04548,0.01814
2028,4.3,1.58860263,1.4051,1.02536992,9,0.33333333,0,-0.038201,0.049295,25.7031793,37.7987932,0.00529,0.00353,0.0086,0.00093
2029,4.5,1.58800085,1.1991,1.00605558,4,0.25,0,0.007747,0.040283,22.9369101,30.5825469,0.00214,0.00143,0.025,0.01988
2032,4.2,1.51275251,1.4189,0.95125484,8,0.25,0,0.017294,0.137501,19.7224972,25.7909578,0.03688,0.01558,0.06861,0.01577
2035,2.9,1.57767256,1.5494,1.02955289,4,0.25,0,0.061323,0.237214,10.7570921,21.5141842,0.00998,0.00462,0.07016,0.03527
2036,4.5,1.60644531,1.2998,0.96106197,4,0.25,0,-0.263197,-0.194078,12.2899103,15.3623878,0.00162,0.00127,0.07199,0.05514
2038,4.8,1.61009876,1.3069,0.94231765,20,0.45,0,-0.205672,-0.203799,18.4204615,29.7561301,0.00805,0.00803,0.00923,0.00875
2039,3.1,1.58523604,1.5559,1.02582874,20,0.45,0,0.041645,0.079165,18.4238479,29.7616004,0.01185,0.01084,0.04518,0.04044
2040,3.1,1.59310876,1.5576,0.92062496,20,0.45,0,0.085504,0.148061,18.4336405,29.7774192,0.0084,0.00648,0.02617,0.02064
2042,5.6,1.60938146,1.3014,0.94467899,16,0.4375,0,-0.207569,-0.206731,18.4307603,29.7727667,0.01011,0.0101,0.02228,0.0222
2043,6,1.58312132,1.331,1.02031572,20,0.45,0,0.028979,0.029188,18.3967274,29.7177903,0.01127,0.01123,0.03059,0.03039
2044,5.1,1.60824693,1.3053,0.94192052,20,0.45,0,-0.212452,-0.207679,18.3981936,29.7201588,0.01007,0.00984,0.01635,0.01612
2045,2.4,1.58992368,1.5756,1.06035815,4,0.25,0,0.045931,0.090157,22.9256551,30.5675401,0.00298,0.00285,0.04824,0.04756
2046,4.1,1.59746728,1.5801,1.03150868,4,0.25,0,0.049509,0.058066,19.8775202,33.6388804,0.00833,0.00778,0.01487,0.01067
2047,4.7,1.59381008,1.5735,1.06063098,4,0.25,0,0.056327,0.081515,16.7809195,36.6129152,0.00628,0.00508,0.02798,0.02735
2048,4,1.59198642,1.4841,0.96338374,22,0.40909091,0,-0.058119,0.221704,27.5679851,49.0097513,0.01706,0.01507,0.0348,0.01851
2049,4.8,1.55775537,1.5249,1.05164027,4,0.25,0,-0.023249,0.009801,13.7424661,16.7963475,0.00787,0.00457,0.01935,0.01353
2050,3.9,1.55479499,1.3205,1.11030562,4,0.25,0,0.06716,0.07162,16.7888633,36.6302472,0.0038,0.00379,0.01584,0.01393
2051,5.4,1.53724361,1.2439,1.06415306,4,0.25,0,-0.042124,0.038507,13.7176173,16.7659767,0.01216,0.0083,0.01397,0.01393
2052,3.4,1.59808792,1.5724,0.89690746,4,0.25,0,-0.168745,-0.094496,10.0249921,12.8892756,0.04037,0.02916,0.02017,0.01259
2053,3.8,1.56625178,1.521,0.94043542,4,0.25,0,0.065387,0.103554,10.0155349,12.8771163,0.03043,0.01667,0.04052,0.03749
2054,3.4,1.58484236,1.5495,0.91319193,4,0.25,0,0.065919,0.110598,10.0209622,12.8840943,0.03802,0.03303,0.02914,0.02816
2055,6,1.59938692,1.5684,0.9425908,12,0.41666667,0,-0.280747,-0.237573,13.7815524,19.9066868,0.00697,0.00677,0.0054,0.00372
2056,5.9,1.59988324,1.5665,0.93971511,12,0.41666667,0,-0.279514,-0.229275,13.785271,19.9120582,0.00627,0.00616,0.00489,0.0029
2059,5,1.563780983,1.3279,1.01735937,12,0.416666667,0,-0.150949,0.060582,21.4348273,27.5590637,0.00733,0.00694,0.05271,0.02711
2060,5.9,1.57611658,1.2055,1.0291341,4,0.25,0,0.039675,0.042469,13.5333863,22.5556438,0.01015,0.01014,0.00987,0.00974
2062,3.3,1.57207398,1.5579,1.03170059,12,0.41666667,0,-0.125982,0.124237,18.4007848,24.0625647,0.00859,0.00743,0.05598,0.02762
2063,4,1.57071841,1.5545,1.05177608,4,0.25,0,-0.008968,-0.00074,16.8329327,24.4842658,0.00786,0.00335,0.05986,0.05369
2064,4.8,1.55817471,1.2922,1.05936487,4,0.25,0,-0.024502,0.008414,16.8481322,24.5063741,0.0096,0.00244,0.03727,0.03045
2065,3.9,1.57226601,1.5679,1.06087603,4,0.25,0,-0.028818,-0.005734,16.6765687,24.2568273,0.00326,0.00297,0.01593,0.01482
2066,2.2,1.58411805,1.5781,1.05072715,4,0.25,0,0.045657,0.086236,16.5526697,19.562246,0.00865,0.00426,0.03775,0.03687
2067,3.6,1.61086001,1.5923,0.94666564,4,0.25,0,-0.129117,-0.085457,7.63557473,50.3947932,0.00822,0.00816,0.01894,0.00741
2068,4.6,1.56219806,1.5244,1.05893824,4,0.25,0,-0.005292,0.020836,19.9217566,22.9866422,0.00955,0.00938,0.01487,0.01095
2069,2.6,1.59598182,1.572,1.02115506,4,0.25,0,-0.055135,-0.051216,21.4006836,24.2541081,0.01159,0.01139,0.05807,0.05596
2070,2.9,1.58744089,1.569,1.02843291,4,0.25,0,0.049501,0.060821,21.4346684,24.2926241,0.00806,0.0064,0.03458,0.03291
2071,2.7,1.59465619,1.5741,1.02078797,4,0.25,0,-0.05453,0.052022,21.4309983,24.2884647,0.00884,0.00833,0.0499,0.04772
2072,5,1.56709746,1.3323,1.03655477,4,0.25,0,-0.08803,0.057798,21.4207432,24.2768423,0.00973,0.00858,0.02438,0.01967
2073,4.9,1.56936957,1.3319,1.01517741,4,0.25,0,-0.0641,0.004394,21.4201296,24.2761469,0.0092,0.00752,0.03563,0.02857
2074,4.9,1.5690891,1.336,1.01479277,4,0.25,0,-0.057039,0.003146,21.5024848,24.5742683,0.009,0.00608,0.03695,0.03473
2077,5,1.57626288,1.2997,1.03317116,4,0.25,0,-0.064686,0.020459,21.5032986,24.5751984,0.00973,0.00929,0.03092,0.0245
2080,2.6,1.58792422,1.5647,0.99424141,4,0.25,0,0.034178,0.040613,19.9877736,23.0628157,0.00526,0.00392,0.0374,0.03304
2081,3.8,1.57428801,1.5525,1.02269141,4,0.25,0,-0.011017,0.072023,13.6979958,16.7419948,0.00778,0.0074,0.02468,0.02458
2082,5.7,1.46259608,1.3207,0.95696636,4,0.25,2,-0.301132,0.209889,10.6576231,13.7026583,0.00232,0.00101,0.1353,0.07466
2083,4.9,1.4451273,1.2911,0.92716776,4,0.25,3,-0.25322,-0.216366,10.0242376,12.8883055,0.00571,0.00376,0.56727,0.35779
2086,3.6,1.4411149,1.2699,0.959882,4,0.25,3,-0.183801,-0.160962,27.1982811,30.2203123,0.006,0.00165,0.2487,0.17608
2087,3.6,1.44034531,1.2658,0.96135377,4,0.25,3,-0.181319,-0.162285,27.1908108,30.212012,0.00584,0.00142,0.24493,0.17573
2088,4.3,1.47353125,1.3562,0.9968326,4,0.25,2,-0.216744,0.216653,27.191081,30.2123122,0.00566,0.00096,0.15794,0.01896
2089,4.4,1.47382678,1.3584,0.99716569,4,0.25,2,-0.216032,0.213978,27.2077799,30.2308666,0.00489,0.00091,0.16331,0.01989
2095,3.6,1.57176245,1.552,1.02483495,11,0.27272727,0,-0.074306,0.0114,15.2334327,24.3734923,0.01276,0.00603,0.04018,0.03309
2096,5.9,1.54671822,1.1965,1.07636397,4,0.25,0,0.079719,0.084464,13.7541505,16.8106284,0.00949,0.00941,0.01626,0.01619
2097,6,1.54782591,1.1924,1.07416431,4,0.25,0,0.076896,0.083623,13.7246854,16.7746155,0.00775,0.00766,0.01683,0.01672
2098,5.9,1.54690604,1.1935,1.07568962,4,0.25,0,0.077424,0.083949,13.7539557,16.8103903,0.0094,0.0093,0.01876,0.01865
2099,5.7,1.54742006,1.1964,1.07405747,4,0.25,0,0.080072,0.080561,10.0196675,12.8824297,0.00728,0.00717,0.01285,0.01282
2102,5.6,1.57172491,1.0691,1.00771501,13,0.38461539,0,-0.046412,0.205785,13.5871956,22.6453259,0.00944,0.00707,0.02001,0.01479
2103,5.6,1.5873652,1.0939,0.97768463,13,0.38461539,0,-0.001395,0.026508,14.0763259,23.4605432,0.00519,0.00478,0.03126,0.03064
2104,5,1.54850945,1.2574,1.05588532,4,0.25,0,0.230464,0.230465,21.4303563,24.2877372,0.0247,0.02448,0.05715,0.05696
2105,2,1.55977265,1.5596,1.03486554,4,0.25,0,0.214321,0.21608,21.420504,24.2765712,0.02843,0.0282,0.04607,0.04504
2106,4.4,1.56524608,1.5514,0.97197401,4,0.25,0,-0.039866,-0.033312,7.68260372,10.7556452,0.01405,0.01375,0.07902,0.07777
2107,4.4,1.5676852,1.4924,0.94905674,12,0.41666667,0,-0.09723,0.340697,24.3012381,32.8781456,0.01293,0.01043,0.03528,0.02212
2108,4.4,1.56808845,1.4929,0.95119712,12,0.41666667,0,-0.100383,0.321058,24.3060906,32.8847109,0.01194,0.00931,0.02517,0.01075
2109,4.4,1.56808665,1.4971,0.95267401,12,0.41666667,0,-0.099466,0.318206,24.3049124,32.8831168,0.01253,0.0095,0.02137,0.00715
2110,4,1.59381356,1.5793,0.95066864,18,0.44444444,0,-0.055513,0.219725,24.2296749,39.3732217,0.01204,0.01129,0.0312,0.00973
2111,5.4,1.57270746,1.3239,0.99350595,8,0.375,0,-0.224546,-0.044072,18.2077467,34.8981812,0.00611,0.00369,0.01964,0.0145
2112,4.8,1.55309032,1.1929,0.99642598,8,0.375,0,-0.096979,0.266223,12.2603354,15.3254192,0.01177,0.00703,0.06687,0.0507
2113,2.9,1.62604328,1.3316,0.89768763,8,0.375,0,-0.288887,0.052338,18.1118001,24.1490668,0.0143,0.00995,0.00931,0.00484
2114,4,1.60958657,1.4585,0.9539794,8,0.125,0,-0.343529,0.050411,9.22826883,26.1467617,0.00685,0.00656,0.00705,-0.00099
2115,3,1.62452152,1.455,0.95235087,8,0.125,0,-0.341364,0.03412,13.7549098,27.5098197,0.00728,0.00614,0.00806,-0.00031
2116,3.9,1.58579823,1.3139,0.98458228,8,0.375,0,-0.038138,0.002641,21.3852109,27.4952712,0.00875,0.0082,0.0147,0.00733
2117,4,1.61967676,1.4845,0.96303949,9,0.22222222,0,-0.297373,0.060185,13.7689669,27.5379338,0.00777,0.00668,0.00932,-0.00181
2118,4,1.58494217,1.3199,0.99886099,8,0.375,0,0.023262,0.123653,18.1247351,24.1663134,0.01269,0.01127,0.01741,0.00801
2119,4.2,1.58883572,1.4902,0.96801645,8,0.375,0,-0.04876,0.097069,18.1176646,24.1568861,0.01464,0.01408,0.01078,0.00727
2120,3.9,1.50830741,1.415,0.91960973,9,0.33333333,2,-0.195757,0.026974,19.665275,31.7669827,0.01147,0.00341,0.23889,0.01824
2121,4.1,1.59400138,1.4107,1.03540389,9,0.33333333,0,-0.011438,0.05095,29.1078354,47.4917314,0.00736,0.00729,0.00992,0.00505
2122,4.1,1.59309235,1.4086,1.03002319,9,0.33333333,0,-0.011671,0.052925,30.6387037,45.9580556,0.0072,0.00681,0.0095,0.00565
2123,4.1,1.59346252,1.4077,1.0296636,9,0.33333333,0,-0.014463,0.05614,32.1721639,44.4282263,0.00726,0.00675,0.01055,0.00678
2124,4.5,1.59058602,1.3891,1.024286,9,0.33333333,0,-0.059248,0.048575,23.0480753,35.3403822,0.00231,0.00112,0.03613,0.00908
2125,4.5,1.60584837,1.4126,1.03849457,9,0.33333333,0,-0.041138,0.027171,29.1003193,41.3530854,0.00621,0.00553,0.01566,0.00561
2126,4,1.59281986,1.4079,1.02786762,9,0.33333333,0,-0.01241,0.057723,22.963057,35.2100208,0.00734,0.00648,0.01201,0.00807
2127,4.1,1.59788929,1.3616,1.01055805,8,0.375,0,-0.176674,-0.04611,22.6799271,30.2399027,0.0043,0.00193,0.00581,-0.00313
2128,4.6,1.58686164,1.3878,1.02098409,9,0.33333333,0,-0.087264,-0.035593,22.7746224,34.9210877,0.00651,0.00317,0.00579,0.00519
2129,5.4,1.56092952,1.3693,1.04560365,9,0.33333333,0,-0.056423,0.084712,16.5935678,34.6956417,0.00379,0.00353,0.01198,0.00935
2130,5.5,1.56294634,1.3956,1.0481289,9,0.33333333,0,-0.037938,0.080406,18.3794045,33.6955749,0.00408,0.00307,0.01204,0.01142
2131,6.2,1.56246432,1.3911,1.04816962,9,0.33333333,0,-0.041528,0.079074,19.9205463,32.179344,0.00358,0.00326,0.01221,0.01146
2132,5.3,1.56209678,1.3915,1.05200416,9,0.33333333,0,-0.034762,0.075901,19.806114,31.9944919,0.00304,0.00063,0.00944,0.00265
2133,4.7,1.45469471,1.0463,0.86252068,10,0.3,1,-0.317917,0.239568,19.8053986,31.9933362,0.07791,0.01947,0.03901,0.02432
2138,3.1,1.62150832,1.469,0.99262558,18,0.38888889,0,-0.167373,0.141262,22.7110234,43.9079785,0.00853,0.00725,0.03229,0.02246
2139,3.5,1.61385816,1.4565,0.99617576,10,0.2,0,-0.16256,0.136021,16.6462248,46.9120879,0.00395,0.00361,0.02548,0.02394
2140,3.4,1.61273659,1.465,1.01596855,10,0.2,0,-0.151077,0.146411,16.6464983,40.8595868,0.00457,0.00394,0.02243,0.01965
2141,4.9,1.56992688,1.4823,1.04977062,12,0.41666667,0,-0.015934,0.142254,22.7068063,33.3033159,0.00821,0.0052,0.03452,0.03278
2142,5.1,1.56587935,1.483,1.04651175,12,0.41666667,0,0.010912,0.152202,22.7013608,34.8087533,0.00791,0.00511,0.03452,0.03156
2143,4.9,1.56408702,1.4671,1.05801991,12,0.33333333,0,-0.020987,0.139647,21.197511,33.3103745,0.00822,0.00457,0.03067,0.02891
2144,5.1,1.56110682,1.4676,1.05442028,12,0.33333333,0,0.006242,0.154116,21.1993937,34.8275753,0.00833,0.00477,0.03053,0.02904
2145,4.1,1.57890277,1.1091,0.99120653,9,0.33333333,0,0.004924,0.238742,11.3982982,21.3718091,0.01056,0.00798,0.04095,0.02762
2146,5.1,1.52721367,1.4033,1.06370165,16,0.375,0,0.005379,0.161566,24.2189714,39.3558285,0.00706,0.00378,0.02262,0.0084
2147,4.2,1.57550181,1.3777,0.99483164,5,0.2,0,-0.245435,-0.056803,18.337666,30.5627767,0.01172,0.00205,0.03006,0.00984
2148,3.9,1.57380186,1.2857,0.94316974,7,0.28571429,0,-0.219557,-0.059917,13.5928721,19.6341486,0.01104,0.00809,0.0364,0.02042
2149,4.2,1.55517712,1.3223,0.96544895,8,0.25,0,-0.169117,-0.050844,13.5974385,19.6407445,0.01035,0.00455,0.02487,0.01031
2150,4.2,1.55035233,1.3506,0.97984178,8,0.25,0,-0.159131,-0.041472,13.5959239,21.1492149,0.0093,0.00491,0.02866,0.02054
2151,5.4,1.50971721,1.4544,0.88799844,8,0.375,2,-0.200811,-0.176503,19.6391751,25.6819982,0.01327,0.00969,0.15941,0.02054
2152,5.5,1.49397734,1.0644,0.92679643,9,0.44444444,2,-0.177317,0.023822,21.2051591,27.2637759,0.01354,0.01216,0.14932,0.02976
2153,5,1.57005497,1.3675,1.01152425,9,0.33333333,0,-0.215018,-0.026911,18.1382139,24.1842852,0.00988,0.00702,0.0071,0.00641
2154,5.2,1.56849242,1.3142,0.99632159,9,0.33333333,0,-0.20045,-0.021058,18.137389,25.6946345,0.00871,0.00604,0.01082,0.00589
2155,3.1,1.49292851,1.4429,0.87706477,9,0.33333333,2,-0.195037,0.148226,18.2105337,24.2807117,0.00932,0.00543,0.23068,0.02195
2156,4.1,1.47330143,1.4436,0.90320914,9,0.33333333,2,-0.196978,0.179714,18.2118084,25.8000619,-0.00058,-0.00205,0.22295,0.01308
2157,3.9,1.58997008,1.3283,0.99506071,8,0.375,0,-0.027558,0.038834,30.6582279,36.7898735,0.00604,0.00576,0.01397,0.0114
2159,3.9,1.58909146,1.3286,0.9947478,8,0.375,0,-0.024528,0.039144,16.8608175,24.5248255,0.0079,0.0072,0.01504,0.01159
2164,4.2,1.5949287,1.3447,0.99089899,8,0.375,0,0.001703,0.078131,16.5703643,22.5959513,0.00957,0.00766,0.01022,0.01001
2165,4.8,1.58076326,1.3517,1.00667097,8,0.375,0,-0.219841,-0.036038,13.7833244,19.9092463,0.00455,0.00402,0.02306,0.02226
2166,4.6,1.5845044,1.4701,1.00499529,8,0.375,0,-0.237481,-0.006114,13.7823041,19.9077726,0.00393,0.00322,0.02579,0.02406
2167,4.3,1.59144242,1.4656,1.00198814,10,0.3,0,-0.248053,0.056265,15.0382116,21.0534962,0.00833,0.00643,0.01974,0.00706
2168,4.3,1.59137884,1.4743,1.01000012,14,0.35714286,0,-0.255355,0.080888,18.223303,27.3349545,0.0076,0.00557,0.02608,0.00708
2169,4.2,1.58059443,1.4915,0.96810939,8,0.375,0,-0.077319,0.007136,36.4464819,45.5581024,0.01103,0.01036,0.00542,-0.0035
2170,3.7,1.56038521,1.559,0.90152271,10,0.3,0,0.018994,0.249356,18.1305797,30.2176329,0.01143,-0.01473,0.07539,0.00854
2171,3.5,1.55878857,1.5574,0.89783364,10,0.3,0,0.01859,0.259718,18.1396111,34.767588,0.01172,-0.0131,0.04014,0.00684
2172,3.6,1.56080987,1.5597,0.89984014,10,0.3,0,0.039431,0.276517,18.1320479,34.7530919,0.01365,-0.00918,0.03975,0.00812
2173,3.7,1.58784461,1.3208,0.9803016,8,0.375,0,-0.041978,-0.002686,39.783704,45.9042738,0.00925,0.00791,0.00679,-0.00125
2174,4.7,1.57682178,1.3198,1.03199581,9,0.33333333,0,-0.042727,-0.005496,36.3344058,48.4458745,0.00415,0.0028,0.0026,-0.00235
2177,6.2,1.55555562,1.2642,1.04074669,9,0.44444444,0,0.012883,0.260498,31.8016663,40.8878566,0.00366,0.00259,0.01398,0.01246
2178,4.4,1.59557814,1.4007,0.98742,9,0.33333333,0,-0.150346,-0.028223,22.7215768,33.3249794,0.0067,0.0066,0.01711,0.01394
2179,3.4,1.61090349,1.4817,1.01677052,10,0.3,0,-0.119703,0.125221,16.6446766,28.749896,0.00773,0.00543,0.03399,0.03175
2181,2.8,1.57554498,1.5228,0.96969187,5,0.2,0,0.247855,0.271422,10.5349547,22.5749029,0.012,0.00636,0.01059,0.00676
2182,4.2,1.58860586,1.4891,0.97241238,8,0.375,0,-0.032691,-0.001423,27.7313533,33.8938762,0.00938,0.00935,0.00408,0.00022
2183,3.6,2.07839199,1.5685,1.10780594,0,0,5,-0.066173,-0.065554,31.7119682,43.792718,0.03752,0.03729,0.32764,0.31944
2187,4.3,1.5928077,1.3633,0.97563891,8,0.375,0,-0.164378,-0.025754,18.1486235,24.1981647,0.00631,0.00566,0.01121,0.00959
2189,3.4,1.59177981,1.4227,0.99965703,9,0.22222222,0,0.001168,0.075076,22.8960714,36.6337142,0.0061,0.00587,0.01443,0.01409
2190,2.9,1.59059774,1.4213,0.99902012,9,0.22222222,0,-0.009808,0.075006,22.5886573,36.1418518,0.00603,0.0048,0.01276,0.00473
2191,4,1.60741006,1.5233,0.94279489,8,0.375,0,-0.014318,0.102116,24.1099983,33.1512477,0.01074,0.01058,0.0293,0.00307
2192,4,1.58021824,1.3127,0.99458968,8,0.375,0,-0.054289,0.045132,24.510725,30.6384063,0.01795,0.01575,0.00831,0.00422
2193,4.4,1.57429839,1.3245,1.01646171,8,0.375,0,-0.075792,0.002039,24.5130307,39.8336749,0.00564,0.00351,0.00652,0.00555
2195,4.1,1.59414414,1.5042,0.97287469,8,0.375,0,0.00049,0.134898,19.5885963,27.1226717,0.0095,0.00877,0.03112,0.01536
2200,3.2,1.62617186,1.4561,0.99364775,6,0.16666667,0,-0.265015,-0.032953,9.23448166,21.5471239,0.01128,0.00635,0.00258,-0.00096
2201,4.4,1.58415952,1.3884,1.02418245,9,0.33333333,0,-0.077567,-0.037071,19.659403,37.8065443,0.00375,0.00244,0.00576,0.00396
2202,3.9,1.55852893,1.4537,0.94417452,8,0.375,0,-0.021133,-0.001875,18.1450189,30.2416982,0.01464,0.00786,0.01392,0.01368
2203,6,1.49172635,1.4917,0.95739544,3,0.33333333,0,0.109395,0.109987,10.4686388,11.9641586,0.02215,0.02204,0.13588,0.13562
2204,4.3,1.51449887,1.5145,0.90546091,3,0.33333333,0,-0.014743,-0.014519,10.4781174,11.9749913,0.01528,0.01524,0.16312,0.16291
2205,2.1,1.5900625,1.5901,0.77986705,3,0.33333333,0,-0.122155,-0.121929,10.4689249,11.9644856,0.01824,0.01822,0.13369,0.13268
2207,5.1,1.4970329,1.497,0.88998799,3,0.33333333,0,-0.084122,-0.083635,10.4611575,11.9556086,0.02912,0.029,0.10637,0.10618
2208,4,1.54109273,1.5411,0.88670639,3,0.33333333,0,-0.102376,-0.102157,7.67416017,9.2089922,0.02752,0.02749,0.10749,0.10724
2209,3.3,1.55605738,1.5561,0.82696857,3,0.33333333,0,0.014047,0.014743,10.4736831,11.9699236,0.01409,0.01388,0.11027,0.10549
2210,4,1.55766294,1.5577,0.83129969,3,0.33333333,0,0.015035,0.015828,10.4720467,11.9680534,0.01285,0.01276,0.10921,0.10479
2211,1.8,1.58876446,1.5888,0.7816117,3,0.33333333,0,-0.166726,-0.165185,10.158592,11.6098195,0.03251,0.03246,0.08642,0.086
2212,2.1,1.55370766,1.5537,0.83575551,3,0.33333333,0,-0.018364,-0.017242,10.1484156,11.5981892,0.02374,0.0236,0.10984,0.10901
2216,2.3,1.55270838,1.5525,0.827515,3,0.33333333,0,-0.035133,0.022506,10.4587699,11.9528799,0.02037,0.01824,0.10616,0.10407
2217,2.8,1.55478349,1.5545,0.85376788,3,0.33333333,0,-0.07153,-0.043519,10.1660785,11.6183754,0.02176,0.01933,0.09786,0.05756
2218,2.8,1.55339875,1.5531,0.8557493,3,0.33333333,0,-0.103555,-0.084631,10.1571226,11.6081401,0.02621,0.02262,0.1352,0.09118
2219,2.1,1.54225232,1.5419,0.87081513,3,0.33333333,0,-0.030994,0.05529,13.0616851,14.5129835,0.01672,0.01267,0.07873,0.03635
2220,1.9,1.53957051,1.5395,0.88089315,3,0.33333333,0,0.051582,0.063366,16.5604722,18.0659697,0.01728,0.01431,0.06132,0.04498
2221,3.7,1.54084022,1.5408,0.86525585,3,0.33333333,0,0.041427,0.061718,13.5438254,21.0681728,0.01146,0.00942,0.06429,0.05775
2222,3.3,1.55090821,1.5506,0.81848378,3,0.33333333,0,-0.152956,-0.061416,7.68112695,9.21735234,0.00865,0.00321,0.10875,0.09545
2223,3.7,1.51534635,1.5149,0.88975682,3,0.33333333,0,-0.052426,0.230125,9.20463273,10.7387382,0.02215,0.02075,0.11573,0.09009
2224,3.2,1.54254128,1.5421,0.86444506,3,0.33333333,0,-0.174177,0.081143,9.20486975,10.7390147,0.01783,0.01759,0.12004,0.11327
2225,5.3,1.50628733,1.1968,0.88782236,3,0.33333333,0,-0.048029,0.233077,9.20255454,10.7363136,0.02239,0.02148,0.12529,0.07644
2226,3.2,1.5624302,1.5624,0.85517536,3,0.33333333,0,-0.097195,-0.0948,19.4685436,23.9612844,0.00248,0.00246,0.01009,0.00971
2227,4.7,1.53275773,1.2348,0.85419984,11,0.36363636,0,-0.273771,0.075359,19.6502122,28.7195409,0.01618,0.01268,0.01402,0.00183
2228,3.8,1.52924927,1.527,0.85573146,11,0.36363636,0,-0.28488,0.108108,19.6211846,28.677116,0.01593,0.01264,0.02252,-0.00317
2229,4.8,1.53629465,1.2342,0.83565856,11,0.36363636,0,-0.300147,0.066363,19.6026422,25.6342244,0.01537,0.00752,0.01681,0.01676
2232,5.2,1.53284842,1.1799,0.82580971,7,0.28571429,0,-0.218959,-0.006847,6.07257825,9.10886737,0.01545,0.00701,0.09135,0.0866
2234,2.9,1.53477409,1.5347,0.83272195,3,0.33333333,0,-0.009178,0.030232,4.5526082,10.6227525,0.01664,0.01654,0.1006,0.06171
2235,2.3,1.53687745,1.5363,0.90381905,3,0.33333333,0,-0.061578,0.065015,12.0367043,13.5412923,0.03047,0.02395,0.05488,0.01576
2236,3.5,1.52715642,1.5253,0.91377648,3,0.33333333,0,0.023781,0.10004,13.5655006,15.0727784,0.01272,0.012,0.04956,0.01227
2237,3,1.54930404,1.5487,0.8309749,3,0.33333333,0,-0.016741,0.082534,13.5574362,15.063818,0.01852,0.01751,0.06636,0.02498
2238,3.7,1.5296423,1.5296,0.88790757,3,0.33333333,0,-0.041998,-0.035863,18.1287079,22.6608848,0.00786,0.00384,0.05793,0.0419
2240,4.4,1.52832283,1.1896,0.85585274,3,0.33333333,0,-0.060591,0.209372,21.0903853,31.635578,0.00508,0.00376,0.0261,0.02042
2241,3.9,1.52949916,1.2071,0.86187855,3,0.33333333,0,-0.065245,0.223727,18.0480413,31.5840722,0.00894,0.00799,0.0301,0.02145
2242,4.5,1.52561039,1.5224,0.90181273,3,0.33333333,0,0.003562,0.046684,10.0096534,11.4396039,0.03483,0.02428,0.06253,0.05326
2245,3,1.54161381,1.5411,0.86507198,3,0.33333333,0,-0.187744,0.088898,12.7070252,14.1189169,0.01369,0.01286,0.08979,0.0633
2246,3.6,1.51392122,1.5134,0.88743133,3,0.33333333,0,-0.065633,0.237047,12.7064046,14.1182273,0.02317,0.02069,0.08307,0.05232
2247,2.9,1.56063484,1.5602,0.82406602,3,0.33333333,0,-0.200131,-0.093114,12.7107776,14.1230862,0.0088,0.00259,0.05689,0.02109
2248,3.3,1.53206004,1.5316,0.8473478,3,0.33333333,0,-0.067121,0.045956,12.7092819,14.1214243,0.01592,0.00958,0.05222,0.01779
2249,3.8,1.52665993,1.5267,0.89259869,3,0.33333333,0,-0.008746,-0.006727,21.3959722,22.8223704,0.00944,0.00941,0.04265,0.02541
2250,3.5,1.71890819,1.0391,0.77397918,0,0,7,-0.3963,1.01887,19.9193009,26.0483166,0.0373,0.02634,0.08976,0.02031
2251,3.5,1.51566426,1.5157,0.94259522,3,0.33333333,0,-0.063478,-0.062711,10.1701865,11.6230703,0.02623,0.02596,0.16294,0.16283
2252,5.8,1.50221266,1.5013,0.99521485,3,0.33333333,0,-0.040765,0.002281,10.0092196,11.4391081,0.03905,0.03582,0.10309,0.08879
2253,5.3,1.48911585,1.5119,0.98269116,3,0.33333333,0,0.015327,0.019099,10.700423,12.2290549,0.01103,0.01078,0.15029,0.14226
2254,4.2,1.49754331,1.4974,0.94872042,3,0.33333333,0,0.009938,0.074832,10.467087,11.9623852,0.0087,0.0085,0.14468,0.12901
2256,4.3,1.49214182,1.4921,0.95171073,3,0.33333333,0,-0.072871,0.06974,10.7058964,12.2353101,0.01005,0.00828,0.1104,0.10433
2257,3.1,1.54306593,1.543,0.87788111,3,0.33333333,0,-0.059586,-0.034268,10.699859,12.2284103,0.0055,0.00383,0.11315,0.08647
2258,4.4,1.514948583,1.5129,0.89985525,3,0.333333333,0,-0.220169,-0.128745,12.0490851,22.5920347,0.0138,0.0135,0.06387,0.05147
2259,4,1.81473704,1.6883,0.81334247,3,0.33333333,6,-0.0904705,0.800992,19.6201326,21.1293736,0.0493,0.01082,0.06192,0.02379
2260,5.5,1.50820944,1.1662,0.84848424,3,0.33333333,0,-0.021667,0.243191,9.06456041,10.5753205,0.02437,0.01847,0.0834,0.08322
2261,2.6,1.52685131,1.5265,0.86853833,3,0.33333333,0,-0.044756,0.229023,10.1608127,11.6123574,0.02753,0.02091,0.07858,0.07622
2262,5.3,1.49363677,1.4935,0.99510746,3,0.33333333,0,-0.012136,-0.00242,7.67079927,9.20495913,0.01807,0.00621,0.07461,0.06157
2263,5.1,1.52644305,1.5262,0.9532224,3,0.33333333,0,-0.007232,0.058918,15.3567941,16.8924735,0.01059,0.00635,0.12668,0.11306
2264,5.1,1.52567203,1.5255,0.95340799,3,0.33333333,0,-0.006396,0.059389,15.3571783,16.8928961,0.00809,0.00705,0.10367,0.09797
2265,3.5,1.53717938,1.5363,0.93871288,3,0.33333333,0,-0.144884,-0.048915,9.21904462,15.3650744,0.01156,0.007,0.04629,0.04628
2266,3.7,1.78936546,1.6942,0.84553784,3,0.33333333,6,-0.056473,0.910677,24.2683015,27.3018392,0.04226,0.03385,0.01207,-0.02348
2267,5.5,1.51332648,1.5132,0.97698246,3,0.33333333,0,-0.026518,0.082173,16.7169387,19.7563821,0.0107,0.00302,0.04559,0.01238
2268,3.5,1.79770656,1.4233,0.89920171,3,0.33333333,6,-0.013416,0.840468,18.2283596,21.2664195,0.00765,0.00242,0.02292,0.01797
2269,5.1,1.51890115,1.5189,0.97620078,3,0.33333333,0,-0.045756,0.088955,22.6745224,25.697792,0.01802,0.0043,0.05615,0.01509
2270,5.6,1.50026387,1.5002,0.99361653,3,0.33333333,0,-0.046194,0.034408,19.9029057,22.9648912,0.01317,0.00791,0.15807,0.10417
2271,5.5,1.49309121,1.4926,1.00705814,3,0.33333333,0,0.008974,0.161242,18.2105966,19.7281463,0.03145,0.02321,0.05755,0.03986
2272,4.9,1.5046513,1.5033,0.98951934,0,0,0,0.0555,0.164244,15.690327,17.1167204,0.02637,0.01703,0.07811,0.05447
2273,4,1.51353597,1.5119,0.96652748,3,0.33333333,0,0.049174,0.150852,15.6992765,17.1264834,0.02763,0.01828,0.07177,0.05456
2274,6,1.50319778,1.2193,1.00382139,9,0.44444444,0,-0.132601,0.074938,12.8587159,14.2874621,0.0244,0.01196,0.08858,0.06072
2275,6.1,1.4751636,1.1616,1.02609967,3,0.33333333,0,0.049941,0.229475,9.19774658,10.7307044,0.00848,0.00759,0.19113,0.14059
2276,2.4,1.58164913,1.5708,1.08120042,4,0.25,0,0.033155,0.08656,22.702334,40.8642011,0.00877,0.00814,0.03869,0.03751
2277,4.5,1.56240046,1.5369,1.0362308,4,0.25,0,-0.092049,-0.049003,13.6212324,31.7828756,0.00774,0.00507,0.01153,0.00553
2278,2.3,1.58188202,1.5819,1.00355055,4,0.25,0,0.250304,0.250713,10.6767905,19.8283251,0.01726,0.01723,0.06186,0.04712
2279,3.7,1.58109412,1.26,1.05890644,4,0.25,0,0.254951,0.260821,10.7263314,19.9203297,0.01483,0.01452,0.08219,0.06598
2280,2.6,1.59203043,1.5692,1.02633233,4,0.25,0,0.036009,0.049514,19.9859972,38.43461,0.00837,0.00747,0.05905,0.05396
2284,3.4,1.58307459,1.5626,1.05172876,4,0.25,0,0.043496,0.056811,10.4764042,28.4359541,0.00754,0.00464,0.06975,0.06753
2285,4.7,1.57938098,1.5528,1.02568536,4,0.25,0,-0.007932,0.0415,10.4909613,28.4754663,0.00747,0.00661,0.05926,0.05523
2286,3.1,1.53707109,1.5367,0.90109712,3,0.33333333,0,0.022458,0.048451,16.919329,18.3933584,0.01957,0.01922,0.07126,0.06134
2287,5.7,1.42544232,1.24438529,0.96544216,4,0.25,3,-0.209124,-0.207398,18.8858853,21.9681765,0.00864,0.00847,0.22402,0.22358
2288,4.1,1.63512233,1.45150066,0.94495873,0,0,0,0.054978,0.057317,15.8798749,16.1451324,0.00774,0.00752,0.00402,0.00328
2289,5,1.46748355,0.94320427,0.90422041,0,0,3,-0.218892,-0.218558,18.5547761,18.8075398,0.01678,0.01677,0.04448,0.0441
2290,5.5,1.46028408,0.95172371,0.90638485,0,0,3,-0.234522,-0.216862,27.4932243,27.4952122,0.01114,0.0033,0.02258,-0.00577
12-3,3.5,1.58515603,1.5829,1.07292589,4,0.25,0,-0.01417,0.053997,11.5797114,14.4746392,0.00954,0.00871,0.03467,0.01641
1001-2,3.1,1.4746607,1.1774,0.91359655,15,0.26666667,1,-0.305931,0.230085,29.0696304,45.8994164,0.03567,0.00559,0.06584,0.01927
1002-,2.7,1.44370817,1.1296,0.94712588,15,0.26666667,1,-0.292902,0.244688,18.0825243,34.6581716,0.03736,0.0045,0.02464,0.00308
1014-,3.5,1.46903435,1.0932,0.93296127,15,0.26666667,1,-0.313839,0.221937,18.1122547,34.7151548,0.01193,0.00245,0.02925,0.01205
1014-2,4,1.4552832,1.1234,0.95626119,15,0.26666667,1,-0.300244,0.211939,18.1194897,34.7290219,0.01431,0.00379,0.03686,0.0127
1014-2-,4,1.46053296,1.0622,0.9488088,15,0.26666667,1,-0.301966,0.19095,18.1108908,34.7125407,0.01632,0.00453,0.0362,0.01182
1015-,5.6,1.42571682,1.0353,0.99688874,15,0.33333333,1,-0.29917,0.219292,30.1870737,49.8086716,0.01267,0.00429,0.01542,0.01531
1017-2,3.5,1.4243116,1.111,0.93250067,15,0.26666667,1,-0.293807,0.221467,21.0901905,40.6739387,0.03134,0.00233,0.02634,0.00482
1017-3,3.5,1.44772676,1.1468,0.9206954,15,0.26666667,1,-0.299007,0.218103,19.5659565,42.1420602,0.02672,0.00253,0.02467,0.00704
1033-2,3.9,1.43116961,0.9921,0.97181838,17,0.35294118,1,-0.288096,0.260354,18.2476116,30.4126859,0.02883,0.00204,0.03751,0.02272
1034-2,4.8,1.42237796,1.0004,0.97881854,17,0.35294118,1,-0.287533,0.202168,18.2480432,30.4134053,0.02454,0.00375,0.01986,0.01781
1035-2,4.8,1.42018373,1.0013,0.98683866,17,0.35294118,1,-0.287491,0.200318,18.2465272,30.4108787,0.01899,0.00514,0.02696,0.01862
108-,4.3,1.61498705,1.4334,0.81114623,0,0,0,0.067443,0.067448,16.8260659,18.3557083,0.00761,0.00761,0.00192,0.00192
12-,4.7,1.56382092,1.5132,1.03754169,4,0.25,0,-0.048464,-0.003247,10.1368996,13.0331567,0.0057,0.00523,0.02356,0.01728
2013-2,4.6,1.45923065,1.2836,0.91365378,9,0.33333333,2,-0.281572,0.080534,19.9962633,28.5660904,0.00492,0.00011,0.39864,0.04487
2014-2,5,1.4568232,1.3243,0.93916998,9,0.33333333,2,-0.28617,0.138066,20.0013755,28.5733936,0.00001,-0.00036,0.37327,0.04319
2029-2,3.4,1.58607709,1.5834,1.09294071,4,0.25,0,0.071313,0.101963,22.9253275,30.5671033,0.00077,0.00074,0.04267,0.035
2030-,4.2,1.55361145,1.5483,0.94025291,6,0.16666667,0,-0.056405,0.019292,28.7380911,46.8884645,0.03435,0.00432,0.04072,0.01639
2031--,4.2,1.55215275,1.5393,0.91570318,10,0.3,0,0.019096,0.029063,7.60021456,19.7605579,0.0348,0.00661,0.13821,0.01312
2033b,3.8,1.84213221,1.6608,1.00762808,4,0.25,6,-0.093438,0.017198,13.8039954,26.0742135,0.00515,0.00115,0.01156,0.00532
2034b,4.2,1.8456286,0.7466,0.97431139,4,0.25,6,-0.0951625,0.0020415,13.7813065,26.0313567,0.00093,-0.00005,0.01749,0.00619
2037b,3.9,1.84531331,0.89995,0.97234389,4,0.25,6,-0.06646,-0.0154105,13.8065153,26.0789734,0.00655,0.00231,0.0171,0.01631
2040-2,4,1.59709954,1.3289,0.87052581,20,0.45,0,0.060165,0.060868,18.4208521,29.756761,0.01179,0.01171,0.02193,0.0218
2042-2,3.9,1.61098783,1.5768,0.9238018,16,0.4375,0,-0.171662,-0.167067,18.4456507,29.7968203,0.00901,0.00833,0.02429,0.01846
2043-2,2.8,1.58433542,1.5549,1.02680821,20,0.35,0,0.039051,0.076736,18.3778736,29.6873343,0.01302,0.01187,0.0358,0.03118
2043-2b,4.1,1.58433542,1.5549,1.02680821,20,0.45,0,0.039051,0.076736,15.6458325,27.0246197,0.01302,0.01187,0.0358,0.03118
2043b,5.2,1.58312132,1.331,1.02031572,20,0.45,0,0.028979,0.029188,15.6473897,27.0273094,0.01127,0.01123,0.03059,0.03039
2044-2,3.6,1.61264584,1.5849,0.95366399,20,0.35,0,-0.17687,-0.157247,18.4821621,29.8558003,0.01128,0.01072,0.01488,0.01441
2044-2b,4.5,1.61264584,1.5849,0.95366399,20,0.35,0,-0.17687,-0.157247,15.6678432,27.0626383,0.01128,0.01072,0.01488,0.01441
2044b,5.8,1.60824693,1.3053,0.94192052,20,0.45,0,-0.212452,-0.207679,15.6540728,27.038853,0.01007,0.00984,0.01635,0.01612
2052-2,4.9,1.58144208,1.3002,0.93272205,4,0.25,0,-0.204397,-0.154802,10.0382366,12.9063043,0.03849,0.03604,0.01438,0.01128
2053-2,5.4,1.56887787,1.1083,0.9783506,4,0.25,0,0.039588,0.059951,10.0322783,12.8986435,0.03034,0.02824,0.04498,0.04428
2054-2,4.7,1.5766781,1.2926,0.91533228,4,0.25,0,0.010577,0.044346,10.0552628,12.928195,0.04659,0.04299,0.02931,0.02831
2057-2,2.6,1.58440724,1.5607,0.98540577,12,0.25,0,0.149135,0.156784,10.7428857,23.0204693,0.01191,0.01046,0.06902,0.06326
2057-3,2.7,1.5826401,1.5504,0.99434298,12,0.25,0,0.131966,0.198893,10.7429576,23.0206234,0.01069,0.00977,0.07055,0.05725
2058-2,2.5,1.58526127,1.5538,0.98505929,12,0.25,0,0.115829,0.145267,10.7429689,23.0206477,0.01238,0.0122,0.06966,0.05866
2069-2,5.1,1.57516247,1.3404,1.00830723,4,0.25,0,-0.049862,-0.049435,21.4252536,24.2819541,0.00911,0.00905,0.04145,0.04113
2070-2,5,1.5707045,1.2791,1.05141339,4,0.25,0,0.047812,0.052435,21.4259613,24.2827561,0.00716,0.00565,0.02967,0.0293
2071-2,5.1,1.56237997,1.3165,1.05166374,4,0.25,0,-0.086131,0.118228,21.4248421,24.2814877,0.0098,0.00784,0.02716,0.02185
2098-2,4.8,1.54918247,1.5244,1.09518408,4,0.25,0,0.086676,0.153438,13.7234997,16.7731663,0.0105,0.00792,0.01855,0.0171
2099-2,4.7,1.55710549,1.5453,1.08639945,4,0.25,0,0.089308,0.099859,9.99469929,12.8503277,0.00818,0.00739,0.01256,0.01116
2135-3,2.3,1.62124577,1.5465,0.94260982,10,0.3,0,-0.198514,-0.087573,18.1347511,31.7358144,0.00661,0.00652,0.01459,0.00003
2135-4,2,1.62890103,1.4482,0.93309119,10,0.3,0,-0.215151,-0.07072,18.1357541,31.7375697,0.00753,0.0065,0.01973,-0.00466
2136-2,2,1.63241194,1.4425,0.90854598,10,0.3,0,-0.242293,0.036912,18.1346091,31.735566,0.01055,0.00725,0.01931,-0.00194
2137-2,2.7,1.62697231,1.4544,0.93512158,10,0.3,0,-0.239318,-0.228974,18.1355722,31.7372513,0.00815,0.00702,0.00983,0.00904
2170-2,2.5,1.6246129,1.4866,1.00367119,10,0.3,0,0.047411,0.122632,18.1663322,30.2772204,0.01262,0.00706,0.03114,0.02667
2171-2,3.7,1.56017262,1.5588,0.89913313,10,0.3,0,0.040525,0.26645,18.1477403,30.2462338,0.01155,-0.01247,0.05413,0.00769
2171-3,2.3,1.62408984,1.4929,0.99516297,10,0.3,0,0.041414,0.140013,18.1691937,30.2819894,0.0116,0.00691,0.02454,0.01996
2185-,3.4,1.58299658,1.3554,1.01305071,5,0.2,0,-0.082411,-0.006289,30.2623726,39.3410844,-0.00092,-0.00111,0.00877,0.00852
2187-2,4.3,1.58816839,1.4521,0.98695928,8,0.375,0,-0.179676,0.001597,18.1919715,24.255962,0.0082,0.00809,0.01505,0.01285
2203-,6.1,1.48784239,1.1647,0.95357934,3,0.33333333,0,0.108458,0.108629,10.4879668,11.9862478,0.02093,0.02088,0.12496,0.12469
2205-,4.6,1.54609875,1.2405,0.82326898,3,0.33333333,0,0.023972,0.024617,10.474383,11.9707234,0.015,0.01499,0.09655,0.09604
2208-,5.1,1.53687797,1.2239,0.87147582,3,0.33333333,0,-0.110583,-0.086294,7.66748705,9.20098445,0.02019,0.01448,0.11752,0.1064
2211-,4.1,1.55163747,1.2432,0.84043013,3,0.33333333,0,-0.038883,-0.038871,10.1688451,11.6215372,0.02722,0.02649,0.07016,0.06993
2221-2,3.8,1.54207078,1.542,0.86331022,3,0.33333333,0,0.049333,0.04981,13.5003676,21.0005719,0.01947,0.00905,0.05394,0.02695
2231-2,3,1.55367977,1.2054,0.7691452,3,0.33333333,0,-0.2161,-0.215875,4.61092928,10.758835,0.01536,0.01529,0.22952,0.22941
2232-2,5.4,1.53435993,1.2082,0.86411293,7,0.28571429,0,-0.21596,0.00773,6.08372638,9.12558957,0.0188,0.00815,0.08846,0.08729
2234-2,3.6,1.5104336,1.1605,0.80982788,3,0.33333333,0,-0.009134,-0.004746,4.61848266,10.7764595,0.03324,0.02238,0.1666,0.1477
2235-2,5,1.5144768,1.2202,0.88786943,3,0.33333333,0,-0.093871,0.045271,10.6127589,12.1288673,0.02123,0.01971,0.04364,0.02574
2242-2,6,1.51450964,1.1687,0.83183628,3,0.33333333,0,0.013772,0.026457,10.0297563,11.4625786,0.02607,0.02435,0.05685,0.05449
2246-2,5.4,1.52653952,1.2182,0.88400079,3,0.33333333,0,-0.097812,0.221967,12.7014403,14.1127114,0.01888,0.01697,0.09491,0.05485
2252-,5.8,1.50543642,1.1226,0.93864578,3,0.33333333,0,-0.043546,-0.017199,10.0231185,11.4549925,0.04081,0.03659,0.11646,0.11552
2253-2,6.2,1.4831769,1.1698,0.97533288,3,0.33333333,0,-0.005829,0.02138,10.7211463,12.2527386,0.01264,0.01039,0.16315,0.13463
2254-2,5.7,1.48724414,1.1656,0.96097381,3,0.33333333,0,-0.016041,0.081803,10.713494,12.2439932,0.01174,0.01005,0.14555,0.12808
2256-2,5.6,1.49068755,1.1847,0.96622404,3,0.33333333,0,-0.060987,0.017862,10.703922,12.2330537,0.01004,0.00647,0.13595,0.09856
2257-2,5,1.52583853,1.1561,0.92261988,3,0.33333333,0,-0.069902,-0.055843,10.7186458,12.2498809,0.00607,0.0046,0.10941,0.09337
2260-2,5.2,1.52091683,1.1707,0.84793466,3,0.33333333,0,-0.081426,0.172737,9.05989978,10.5698831,0.02386,0.02157,0.08979,0.08417
2273-2,5.2,1.5067121,1.5054,0.99579082,3,0.33333333,0,0.04608,0.187931,18.195392,19.7116746,0.0271,0.01812,0.06509,0.05612
2274-2,4.4,1.55150787,1.3839,0.81051852,9,0.44444444,0,-0.235923,-0.058561,12.8666874,14.2963193,0.00933,0.00665,0.07544,0.02415
2275-2,6.1,1.46604238,1.4652,1.03295169,3,0.33333333,0,0.046619,0.254049,9.2075636,10.7421575,0.0113,0.00942,0.11834,0.09674
30b,4.2,1.47510076,1.3514,1.01002465,4,0.25,2,-0.241364,0.182105,16.6376836,19.4240417,0.00429,0.00414,0.19745,0.03365
31b,4.1,1.53999559,1.5371,0.93789981,4,0.25,2,-0.186529,-0.026976,22.6843989,25.7089854,0.00416,0.00153,0.24539,0.03964
48-,2.4,1.69455668,1.6944,0.85183993,8,0.125,0,-0.101815,-0.101491,15.9120435,36.1637352,0.01119,0.01108,0.00047,0.00044
49-,2.4,1.66778239,1.631,0.85975627,8,0.125,0,0.04013,0.040329,9.97371084,29.9211325,0.01274,0.01272,0.0007,0.00069
56-2,4,1.53062292,1.53,0.81673952,3,0.33333333,0,-0.048057,-0.016035,7.67352542,9.20823051,0.02505,0.0203,0.06225,0.03472
631-,4.4,1.90977905,1.3364,0.75610278,5,0.2,6,-0.4315395,0.848334,18.2898444,19.8139981,0.02052,0.00404,0.03583,0.007355
632-,5.1,1.57393679,1.2179,1.0063483,5,0.2,0,-0.006464,0.016747,7.66406999,13.795326,0.00407,0.00248,0.028,0.0222
67-2,6.2,1.47977364,1.161,1.00178595,3,0.33333333,0,0.06909,0.092832,10.7289546,12.2616624,0.01817,0.0166,0.1581,0.10789
701-,4.6,1.48268577,1.0733,0.88127369,19,0.36842105,1,-0.301992,0.228471,19.6865464,28.7726447,0.03839,0.00548,0.03797,0.02253
702-,3.1,1.47237226,1.1542,0.90475214,15,0.26666667,1,-0.305454,0.234047,16.6141439,33.2282877,0.0364,0.00548,0.05255,0.01994
719-2,3,1.58670013,1.5835,1.0011474,4,0.25,0,-0.234332,-0.062867,4.53826646,10.5892884,0.00794,0.00669,0.09696,0.09291
719-3,2.7,1.59434078,1.5943,0.96670712,4,0.25,0,-0.239152,-0.238652,4.54184036,7.56973393,0.00874,0.00873,0.12441,0.12438
74-,4.9,1.44084818,1.0846,0.95150855,19,0.36842105,1,-0.288455,0.216803,19.5528491,28.577241,0.03954,0.00464,0.0242,0.00528
743-2,6.1,1.42314899,1.0037,0.97615183,17,0.41176471,1,-0.282412,0.200818,19.7970131,28.934096,0.02361,0.00246,0.01522,0.00858
75-,3.1,1.44322904,1.1337,0.95861118,15,0.26666667,1,-0.295777,0.255414,18.0796211,34.6526071,0.03703,0.00507,0.02228,0.01172
771-2,4,1.46614979,1.1759,0.92921112,19,0.31578947,1,-0.308014,0.242019,21.1470666,37.7626189,0.03004,0.008,0.08542,0.01995
776-,3.8,1.45819253,1.1557,0.93911538,19,0.2631579,1,-0.311122,0.235994,19.6606657,45.370767,0.02623,0.0067,0.11688,0.01685
777-,3.4,1.43564785,1.0288,0.93799042,19,0.2631579,1,-0.278551,0.091807,19.6515743,45.3497868,0.02799,0.00637,0.0712,0.01767
778-,3.6,1.46072572,1.1554,0.93436984,19,0.2631579,1,-0.311395,0.229435,19.6513559,45.3492829,0.03048,0.00763,0.1106,0.01709
786-2,3.2,1.47416251,1.1862,0.92531397,11,0.27272727,1,-0.291451,0.256147,24.1648795,40.7782342,0.04392,0.01013,0.02556,0.0177
787-2,2.8,1.47263589,1.1824,0.9300846,11,0.27272727,1,-0.290909,0.257326,25.6764666,43.8010313,0.04973,0.01139,0.02129,0.01765
787-3,3.4,1.47233353,1.0868,0.92839461,11,0.27272727,1,-0.290248,0.25464,27.1978909,42.3078303,0.05005,0.01144,0.02783,0.01764
79-2,3.9,1.46031661,1.1711,0.93501366,15,0.26666667,1,-0.315708,0.238168,18.1319804,34.7529624,0.01487,0.00569,0.13451,0.02157
806-2,2.8,1.44706281,1.1263,0.8898278,15,0.26666667,1,-0.299774,0.24912,55.8863922,75.5221517,0.02848,0.00308,0.01753,0.00994
813-2,5.5,1.45214468,1.0674,0.96628843,15,0.33333333,1,-0.299664,0.190394,30.2220428,49.8663707,0.01718,0.0062,0.02253,0.01255
814-2,5.9,1.42433617,1.0939,1.00956368,15,0.33333333,1,-0.296819,0.225794,24.1834601,48.3669202,0.01631,0.00555,0.01784,0.01668
815-2,5.4,1.4516992,1.0661,0.9665346,15,0.33333333,1,-0.299518,0.189547,28.7141521,49.8719483,0.01728,0.0063,0.02329,0.01319
816-2,5.5,1.42918591,1.0751,0.99726261,15,0.33333333,1,-0.294824,0.228168,27.2038542,51.3850579,0.01967,0.0072,0.02042,0.01406
822-2,3,1.43321576,1.1354,0.95709745,15,0.26666667,1,-0.295708,0.199037,42.3247717,64.9987565,0.01614,0.00083,0.01557,-0.00118
823-2,2.3,1.44679677,1.1318,0.93023965,15,0.26666667,1,-0.294049,0.221808,25.5897279,45.1583434,0.0293,0.00305,0.02236,0.00494