Molecule,SMILES,Force,Predicted Type,Result,BeginAtom,EndAtom,atom1,atom2,atom1_2,atom2_2,atom1_3,atom2_3,atom1_4,atom2_4
1,O=C(OCCC(OC)=O)[C@@]1([H])CC[C@@]1([H])C(OCCC(OC)=O)=O,4.6,1,1,31,36,2,4,,,,,,
2,O=C(OCCC(OC)=O)[C@]1([H])CC[C@@]1([H])C(OCCC(OC)=O)=O,5.6,1,1,31,36,2,4,,,,,,
3,O=C(OCCC(OC)=O)[C@@]1([H])CC[C@@]1(C#N)C(OCCC(OC)=O)=O,4.2,1,1,31,36,2,4,,,,,,
4,O=C(OCCC(OC)=O)[C@]1([H])CC[C@@]1(C#N)C(OCCC(OC)=O)=O,5.3,1,1,30,35,2,4,,,,,,
5,O=C(OCCC(OC)=O)[C@@]1(C#N)CC[C@@]1(C#N)C(OCCC(OC)=O)=O,3.5,1,1,29,34,2,4,,,,,,
6,O=C(OCCC(OC)=O)[C@]1(C#N)CC[C@@]1(C#N)C(OCCC(OC)=O)=O,4.4,1,1,29,34,2,4,,,,,,
7,O=C1C2=CC=CC=C2[C@](C(C(OC)=O)C3C(OC)=O)([H])[C@]3([H])C4=CC=CC=C41,4.8,1,1,36,40,24,26,,,,,,
8,O=C(OC)[C@]1([H])[C@@]([C@]([C@@]1([H])C(OC)=O)([H])C2=CC=C(OC(C)=O)C=C2)([H])C3=CC=C(OC(C)=O)C=C3,5.2,1,1,23,28,34,35,,,,,,
9,O=C(OC)[C@@]1([H])[C@]([C@]([C@@]1([H])C(OC)=O)([H])C2=CC=C(OC(C)=O)C=C2)([H])C3=CC=C(OC(C)=O)C=C3,2.5,1,1,23,28,34,35,,,,,,
10,O=C(NC)[C@]1([H])[C@@]([C@@]([C@]1([H])C(NC)=O)([H])C2=CC=C(OC)C=C2)([H])C3=CC=C(OC)C=C3,4.7,1,1,44,49,32,34,,,,,,
11,CCOC([C@H]1[C@@H]2[C@@H](CC[C@](C3(Cl)Cl)([H])[C@]3([H])CC2)[C@H]1C(OCC)=O)=O,5,1,1,17,24,0,1,,,,,,
12,[H][C@]1(C(NC)=O)[C@]([H])(C2=CC=CC=C2)[C@@](C(NC)=O)([H])[C@@]1([H])C3=CC=CC=C3,6.5,1,0,8,17,X,X,,,,,,
13,O=C(O1)[C@]([C@@]([C@@]2([H])C(O3)=O)([H])C4=C3C=C(OC)C=C4)([H])[C@]2([H])C5=C1C=C(OC)C=C5,6.5,1,0,34,38,X,X,,,,,,
14,O=C(O1)[C@]2([H])[C@]([C@@]([C@]([H])2C(O3)=O)([H])C4=C3C=C(OC)C=C4)([H])C5=C1C=C(OC)C=C5,3.8,1,1,30,34,1,2,,,,,,
15,O=C(O1)[C@]2(C)[C@]([C@@]([C@](C)2C(O3)=O)([H])C4=C3C=C(OCCOC(C)=O)C=C4)([H])C5=C1C=C(OCCOC(C)=O)C=C5,5.5,1,1,48,61,0,2,,,,,,
16,[H][C@]12[C@]([H])(/C=C/C)[C@]([H])(/C=C/C)[C@@]1([H])C3=CC=CC4=CC=CC2=C43,3.5,1,1,28,32,18,20,,,,,,
17,[H][C@]12[C@]([H])(/C=C/C)[C@]([H])(/C=C/C)[C@@]1([H])C3=CC=C(N(C)C)C4=CC=CC2=C43,3.4,1,1,27,31,17,19,,,,,,
18,[H][C@]12[C@]([H])(/C=C/C)[C@]([H])(/C=C/C)[C@@]1([H])C3=CC=C(C(N(C)C4=O)=O)C5=C4C=CC2=C53,3.4,1,1,32,41,25,27,,,,,,
19,[H][C@]12[C@]([H])(/C=C/C)[C@]([H])(/C=C/C)[C@@]1([H])C3=CC=C(OC)C4=C(OC)C=CC2=C43,4,1,1,33,42,26,28,,,,,,
20,[H][C@]12[C@]([H])(C(C3=CC=C(OC(C)=O)C=C3)=O)C([H])(C(C4=CC=C(OC(C)=O)C=C4)=O)[C@]1(CCC2)[H],5.8,1,1,12,25,38,39,,,,,,
21,CC(OCCCOC([C@]1([H])[C@@]([H])(C(OCCCOC(C)=O)=O)[C@@]2([H])[C@@]1(CCCC2)[H])=O)=O,5.5,1,1,44,48,0,2,,,,,,
22,[H][C@@]12[C@@]([H])(C(OCCCOC(C)=O)=O)[C@@]([H])(C(OCCCOC(C)=O)=O)[C@@]1(CCCC2)[H],5,1,1,44,48,0,2,,,,,,
23,[H][C@@]12[C@@](Br)(C(OCCCOC(C)=O)=O)[C@@](Br)(C(OCCCOC(C)=O)=O)[C@@]1(CCCC2)[H],4,1,1,42,46,0,2,,,,,,
24,[H][C@@]12[C@@]([H])(C(OCCCOC(C)=O)=O)[C@@](C#N)(C(OCCCOC(C)=O)=O)[C@@]1(CCCC2)[H],4.1,1,1,42,46,0,2,,,,,,
25,O=C(OC)[C@]1(C)[C@]2([H])CCCCCC[C@]2([H])[C@H]1C,4.5,1,1,24,35,20,22,,,,,,
26,O=C(OC)[C@]1(C)[C@@]2([H])[C@]([H])(CCC2)[C@H]1C,4,1,1,11,22,7,9,,,,,,
27,O=C(OC)[C@@]1(C)[C@@]([H])(CCCCCCCCCC2)[C@]2([H])[C@@H]1C,3.4,1,1,4,12,2,3,,,,,,
28,CC1(C)OC[C@]2([H])[C@]([H])(C(OC)=O)[C@]([H])(C(OC)=O)[C@]2([H])CO1,4.5,1,1,12,16,0,3,,,,,,
29,O=C1OC[C@H]2C(C)[C@@H](C)[C@H]21,4.7,1,1,4,9,1,3,,,,,,
30,CC(OC(C=C1)=CC=C1[C@H]2N(C3=CC=CC=C3)C([C@H]2COC(C)=O)=O)=O,3.7,1,1,32,42,0,2,,,,,,
31,O=C1C(C2=CC=CC=C2)(C3=CC=CC=C3)N(C4=CC=C(OCCOC(C)=O)C=C4)N1C5=CC=C(OCCOC(C)=O)C=C5,3.8,1,1,19,33,48,49,,,,,,
32,CC(OCCO[C@@]1(C2)C[C@H]3C[C@@H](C1)[C@@]4([C@@]5(OO4)[C@@H](C6)C[C@]7(OCCOC(C)=O)C[C@H]5C[C@H]6C7)[C@@H]2C3)=O,5.9,1,1,31,56,17,45,,,,,,
33,O=C(OCCC)C1=C(C(OCCC)=O)C2C=C(COCC3=CC=CC=C3)C1O2,6.2,2,0,38,48,X,X,,,,,,
34,O=C(N1C2=CC=CC=C2)N3[C@@H]4C5=CC(COC(C)=O)=CC=C5[C@H](N3C1=O)C6=C4C=CC(COC(C)=O)=C6,6.1,2,0,45,55,X,X,,,,,,
35,CC(OCC(C=C1)=CC=C1[C@]23C4=CC=CC=C4[C@](OO3)(C5=CC=C(COC(C)=O)C=C5)C6=C2C=CC=C6)=O,6,2,0,27,56,18,21,19,20,,,,
36,CC(OCC1S[C@](C2=CC=CC=N2)(SCC3=CC=C(CSC4(C5=CC=CC=N5)C(COC(C)=O)C=CC(C)S4)C=C3)C(C)C=C1)=O,3.8,2,0,49,73,12,30,15,18,,,,
37,COCCN1N=NC2=C1CCC(C3COC(NC)=O)C3CC2,6.9,2,0,26,42,0,32,,,,,,
38,O=C(N1CCOC(C)=O)[C@H]2[C@@]3(COC(C)=O)C4=CC=CC=C4[C@@H]([C@H]2C1=O)C5=C3C=CC=C5,4.6,2,1,36,49,19,20,,,,,,
39,O=C(N1CCOC(C)=O)[C@H]2[C@@]3(C#CC4=CC=C(OC(C)=O)C=C4)C5=CC=CC=C5[C@@H]([C@H]2C1=O)C6=C3C=CC=C6,4.1,2,1,40,59,19,20,,,,,,
40,O=C1N(CCOC(C)=O)C(C2([H])[C@@H]3C=CC(O3)(COC(C)=O)C21[H])=O,4.2,2,1,22,29,0,1,,,,,,
41,O=C1N(CCOC(C)=O)C(C2([H])[C@@H]3C=C(COC(C)=O)[C@@H](O3)C21[H])=O,4.7,2,1,17,30,0,1,,,,,,
42,O=C1N(CCOC(C)=O)C([C@@]2([H])[C@@H]3C=C[C@](O3)(COC(C)=O)[C@]21[H])=O,4.2,2,1,22,29,0,1,,,,,,
43,O=C1N(COC(C)=O)C([C@@]2([H])[C@@H]3C=C[C@](O3)(COC(C)=O)[C@]21[H])=O,4.1,2,1,22,29,0,1,,,,,,
44,O=C1N(CCOC(C)=O)C([C@]2([H])[C@]3(C(OC(OC)=O)C)C=C[C@](O3)(COC(C)=O)[C@@]21[H])=O,4.2,2,1,21,28,0,1,,,,,,
45,O=C1N(C2=C(F)C=C(OC(C)=O)C=C2)C([C@@]3([H])C4(COC)C=C[C@@H](O4)[C@]31[H])=O,4,2,1,21,37,3,4,,,,,,
46,O=C1N(CCOC(C)=O)C([C@@]2([H])C3(C4=C(C)SC(COC(C)=O)=C4)C(C5=C(C)SC(C6=CC=CC=C6)=C5)=C[C@@H](C3)[C@]21[H])=O,4.6,2,1,17,67,3,4,,,,,,
47,O=C1N(CCOC(C)=O)C([C@@]2([H])[C@@H]3C(C4=C(C5=C(C)SC(C6=CC=CC=C6)=C5C)C(F)(F)C(F)(F)C4(F)F)=C[C@](O3)(COC(C)=O)[C@]21[H])=O,4.3,2,1,21,28,0,1,,,,,,
48,O=C(NC)OCC(C1=C2C=CC=C1)(C3=C(C=CC=C3)C2C4(COC(NC)=O)C5=C6C=CC=C5)C6C7=C4C=CC=C7,7,3,0,52,63,X,X,,,,,,
49,O=C(OC)C(C1=C2C=CC=C1)(C3=C(C=CC=C3)C2C4(C(OC)=O)C5=C6C=CC=C5)C6C7=C4C=CC=C7,6,3,0,48,56,X,X,,,,,,
50,CCC[C@@H]1[C@H](CCC)[C@]1(Cl)Br,3.9,4,1,0,19,8,11,,,,,,
51,CCC[C@@H]1[C@H](CCC)[C@]1(Br)Cl,3.7,4,1,0,19,8,11,,,,,,
52,CCC[C@@H]1[C@H](CCC)[C@]1(F)Cl,3.7,4,1,0,19,8,11,,,,,,
53,CCC[C@@H]1[C@H](CCC)[C@]1(Cl)F,3.5,4,1,0,19,8,11,,,,,,
54,BrC1(Br)[C@@H]([C@H]2CC[C@@H](C)C2)[C@H]1[C@H]3C[C@H](C)CC3,3.5,4,1,31,36,5,6,,,,,,
55,BrC1(Br)[C@@H](CC)[C@H]1CC,4,4,1,9,15,1,2,,,,,,
56,ClC1(Cl)C(CC)(OC)[C@H]1CC,3.6,4,1,0,11,4,7,,,,,,
57,CCC[C@H]1C2[C@@](C2(Cl)Cl)(CCC)C3=C1C=CC=C3,6.1,4,0,19,32,11,12,,,,,,
58,ClC1(Cl)[C@@H](CC)[C@H]1CC,4.1,4,1,9,15,1,2,,,,,,
59,ClC1(Cl)[C@@H]([C@H]2CC[C@@H](C)C2)[C@H]1[C@H]3C[C@H](C)CC3,3.8,4,1,29,36,1,2,,,,,,
60,ClC1(Cl)[C@@H](CC)[C@H]1/C=C/C,3.4,4,1,0,12,6,7,,,,,,
61,ClC1(Cl)[C@@H](CC)[C@H]1/C=C\\C,3.9,4,1,0,12,6,7,,,,,,
62,ClC1(Cl)[C@H](CC/C=C\CC)[C@H]1CC/C=C\\CC,5.4,4,0,28,32,0,4,,,,,,
63,ClC1(Cl)[C@@H](CC/C=C\\CC)[C@H]1CC/C=C\\CC,4,4,1,20,33,1,2,,,,,,
64,COC([C@]([C@]1([H])C(OC)=O)([H])N1C2=CC=C(OC)C=C2)=O,5.3,5,0,26,30,16,17,,,,,,
65,COC([C@@]([C@]1([H])C(OC)=O)([H])N1C2=CC=C(OC)C=C2)=O,5.8,5,0,26,30,16,17,,,,,,
66,C[C@@H](CC1)C[C@@H]1[C@@H]2[C@H]([C@H]3CC[C@H](C)C3)O2,6.4,5,0,29,34,5,6,,,,,,
67,C/C=C/[C@@H]1[C@H](CCC)O1,6.2,5,0,10,17,0,1,,,,,,
68,C/C=C\\[C@H]1[C@@H](CCC)C2=CC=CC=C21,4,5,1,17,26,10,11,,,,,,
69,CC[C@H]1[C@H](CC)C2=CC=CC=C21,4.3,5,1,14,17,10,11,,,,,,
70,[H][C@@]1(OC(C)=O)[C@](OC(C)=O)([H])C2=CC=CC=C21,4.6,5,1,20,24,10,11,,,,,,
71,C/C=C/[C@H]1[C@@H](CCC)C2=CC=CC=C21,3.2,5,1,17,26,10,11,,,,,,
72,CC[C@H]1[C@@H](CC)C2=CC=CC=C21,3.8,5,1,17,19,3,12,,,,,,
73,[H]C1(OC(C)=O)C(OC(C)=O)([H])C2=CC=CC=C21,3,5,1,20,24,10,11,,,,,,
74,O=C(C)OC1=CC(C(C)2C)=C(C=C1)N(C)[C@]32C=CC4=C(O3)C(OC(C)=O)=CC([N+]([O-])=O)=C4,4.6,6,1,40,47,19,20,,,,,,
75,CC(C(C=CC=C1)=C1N2CCOC(C)=O)(C)[C@]32OC(C(OC(C)=O)=CC([N+]([O-])=O)=C4)=C4C=C3,2.9,6,1,37,49,19,20,,,,,,
76,CC(C(C=CC=C1)=C1N2CCOC(C)=O)(C)[C@]32OC(C(COC(C)=O)=CC([N+]([O-])=O)=C4)=C4C=C3,2.9,6,1,42,50,19,20,,,,,,
77,CC(C(C=CC=C1)=C1N2CCOC(NC)=O)(C)[C@]32SC(C(COC(NC)=O)=CC([N+]([O-])=O)=C4)=C4C=C3,2.1,6,1,52,57,19,20,,,,,,
78,CC(C(C=CC=C1)=C1N2CCOC(C)=O)(C)[C@]32OC(C(OC(C)=O)=CC=C4)=C4C=C3,3.5,6,1,34,46,19,20,,,,,,
79,CC(C(C=CC=C1)=C1N2CCOC(C)=O)(C)[C@]32OC(C(OC(C)=O)=CC(Br)=C4)=C4C=C3,3.5,6,1,34,46,19,20,,,,,,
80,CC1(C)[C@@]2(OC(C=CC(COC)=C3)=C3C=C2)N(CCOC)C4=CC=CC=C41,5.9,6,0,43,47,19,20,,,,,,
81,CC1(C)[C@@]2(OC(C=CC(OC(C)=O)=C3)=C3CC2)N(CCOC(C)=O)C4=CC=CC=C41,6,6,0,43,48,19,20,,,,,,
82,CC1(C)C2(OC(C=C(COC(C)=O)C=C3)=C3CC2)N(CCOC(C)=O)C4=CC=CC=C41,4.9,6,1,42,47,18,19,,,,,,
83,O=C(C)OC(C=C1)=CC=C1[C@](C=C2)(C3=CC=CC=C3)OC4=C2C5=CC=CC=C5C=C4OCCOC(C)=O,4.2,6,1,28,58,1,2,,,,,,
84,O=C(C)OC(C=C1)=CC=C1[C@](C=C2)(C3=C(F)C=CC=C3)OC4=C2C5=CC=CC=C5C=C4OCCOC(C)=O,4.8,6,1,28,58,1,2,,,,,,
85,CC(OCC1=CC2=CC=CC=C2C3=C1O[C@@](C4=CC=C(C=C4)OC(C)=O)(C=C3)C5=CC=CC=C5)=O,4.4,6,1,21,51,1,2,,,,,,
86,CC(OC(C=C1)=CC=C1[C@](C=C2)(C3=CC=C(N4CCCC4)C=C3)OC5=C2C6=CC=CC=C6C=C5OCCOC(C)=O)=O,3.9,6,1,28,57,1,2,,,,,,
87,CC(OC(C=C1F)=CC=C1[C@](C=C2)(C3=CC=C(N4CCCC4)C=C3)OC5=C2C6=CC=CC=C6C=C5OCCOC(C)=O)=O,4.9,6,1,28,57,1,2,,,,,,
88,CC(OCC1=CC2=CC=CC=C2C3=C1O[C@](C4=CC=C(N5CCCC5)C=C4)(C6=CC=C(OC(C)=O)C=C6)C=C3)=O,4.1,6,1,22,51,1,2,,,,,,
90,CCC(C)(C#N)/N=N/C(C)(C#N)CC,3.9,7,1,0,16,5,8,11,12,,,,
91,CC(N1CCCC1=O)OOC(N2CCCC2O)C,4.9,7,1,13,33,15,35,,,,,,
92,[H]N([H])C(C=C1)=CC=C1SSC2=CC=C(N([H])[H])C=C2,2.1,7,1,10,25,11,26,,,,,,
4047,CC(C=C1)=CC2=C1N=C(S2)SSC3=NC4=C(C=C(C)C=C4)S3,2.1,7,1,14,30,0,1,,,,,,
93,CC(OCCSSCCOC(C)=O)=O,3.5,7,1,19,20,0,1,,,,,,
94,O=C1[C@@](C2=CC=C(OCC)C=C2)([C@@]3(C4=CC=C(OCC)C=C4)C5=CC(C(C)(C)C)=CC(C(C)(C)C)=C5OC3=O)C6=CC(C(C)(C)C)=CC(C(C)(C)C)=C6O1,3.5,7,1,21,66,27,75,,,,,,
95,CCOC(C=C1)=CC=C1C(C2=CC=C(OC)C=C2)(C#N)C(C3=CC=C(OCC)C=C3)(C#N)C4=CC=C(OC)C=C4,4.7,7,1,27,65,59,60,,,,,,
96,CC(OC1=CC=C(C(C=CC=C2)=C2[C@@]3([C@@]4(C#N)C5=C(C=CC=C5)C6=CC=C(OC(C)=O)C=C64)C#N)C3=C1)=O,4.1,7,1,21,32,26,49,,,,,,
97,O=C1C(C2=CC=C(OCC)C=C2)(C(C3=O)(C4=CC=C(OCC)C=C4)SC5=C3C=CC=C5)SC6=C1C=CC=C6,6.2,7,0,26,35,X,X,,,,,,
98,C/C=C/[C@@]1([H])[C@]2([H])[C@@]3([H])[C@]4([H])C=C[C@]4([H])[C@@]3([H])[C@]2([H])[C@@]1([H])/C=C/C,3.4,1,1,21,28,14,16,,,,,,
99,[H][C@@]12C=C[C@]1([H])C3([H])C2([H])[C@]4([H])[C@@]3([H])[C@@H](OC(C)=O)[C@H]4OC(C)=O,3.1,1,1,25,26,17,18,,,,,,
100,[H][C@@]12CC[C@]1([H])C3([H])C2([H])[C@]4([H])[C@@]3([H])[C@@H](OC(C)=O)[C@H]4OC(C)=O,4,1,1,25,26,17,18,,,,,,
101,C/C=C/[C@@]1([H])C2([H])C(C3=C2C=CC=C3)([H])[C@@]1([H])/C=C/C,3.2,1,1,26,29,7,14,,,,,,
102,CC/C=C\\CC[C@@H]1C(CC/C=C\\CC)C1(F)F,5,4,1,22,37,1,4,,,,,,
103,CC/C=C\\CC[C@H]1C(CC/C=C\\CC)C1(F)F,3.6,4,1,22,37,1,4,,,,,,
105,COC1=CC=C(O[C@@](C(C(F)2F)(F)OC3=CC=C(OC)C=C3)(F)C2(F)F)C=C1,4.5,1,1,24,27,35,40,,,,,,
106,COC1=CC=C(O[C@@]([C@](C(F)2F)(F)OC3=CC=C(OC)C=C3)(F)C2(F)F)C=C1,3.3,1,1,24,27,35,40,,,,,,
107,C[C@H]1C(C2)CC([Si](C)(C)C)C2[C@H]1[C@@H]3C(C4)CC([Si](C)(C)C)C4[C@@H]3[C@@H]5[C@H](C)C6C([Si](C)(C)C)CC5C6,3.7,7,1,13,59,2,7,37,40,69,72,,
108,CCOC1=CC=C(C2=NC(C3=CC=CC=C3)=C(C4=CC=CC=C4)N2C5(N=C(C6=CC=CC=C6)C(C7=CC=CC=C7)=N5)C8=CC=C(OCC)C=C8)C=C1,5.4,7,0,12,56,X,X,,,,,,
109,O=C(C)OC1=CC=CC=C1C2=NC3=C(O2)C=CC(OC(C)=O)=C3,4.9,7,1,14,33,X,X,,,,,,
110,O=C1N(CC2=CC=CC=C2)C(C(SCCOC(C)=O)=C1SCCOC(C)=O)=O,4.3,7,1,39,45,8,23,9,24,,,,
111,COC(C(C)SC(SC(C)C(OC)=O)=S)=O,4.6,7,1,4,25,8,5,14,17,,,,
112,CC(OCCOC(C=C1)=CC=C1/C(C(F)(F)F)=N/OS(C2=CC=CC(S(O/N=C(C(F)(F)F)/C3=CC=C(C=C3)OCCOC(C)=O)(=O)=O)=C2)(=O)=O)=O,4,7,1,67,72,30,36,31,37,,,,
113,O=C(OC)CCSCCC(OC)=O,4.7,7,1,5,20,8,11,11,17,,,,
114,O=C(OC)C1=CC=C(OCC2=CC=C(C(OC)=O)C=C2)C=C1,6.2,7,0,14,33,X,X,,,,,,
115,CCOC[C@H]1CN(C2=C(C)C=C(C)C=C2C)[C@](C3=C(F)C(F)=C(OCC)C(F)=C3F)([H])N1C4=C(C)C=C(C)C=C4C,5.4,7,1,33,72,21,59,,,,,,
116,CCOC[C@H]1CN(C2=C(C)C=C(C)C=C2C)[C@](C3=C(F)C=C(OCC)C=C3F)([H])N1C4=C(C)C=C(C)C=C4C,5.5,7,1,33,72,21,59,,,,,,
117,CCOC[C@H]1CN(C2=C(C)C=C(C)C=C2C)[C@](C3=CC=C(OCC)C=C3F)([H])N1C4=C(C)C=C(C)C=C4C,5.8,7,1,33,72,21,59,,,,,,
118,CC(C)OC(O1)C2=C(C=CC=C2)C1O[C@H](OC3OC4OC(OC(C)C)C5=C4C=CC=C5)C6=C3C=CC=C6,4.8,7,1,15,54,X,X,,,,,,
119,CC(OC(C=C1)=CC=C1[S+](C2=CC=C(OC(C)=O)C=C2)C3=CC=C(C(C)(C)(C))C=C3)=O,3.7,7,1,46,53,0,1,0,11,,,,
120,O=C(N1CCOC(NC)=O)C2=C(C=CC=C2)C31C4=CC=C(OC(NC)=O)C=C4OC5=C3C=CC(N(CC)CC)=C5,5,7,1,43,50,29,30,,,,,,
602,O[C@H](O1)[C@H](OC(C)=O)[C@@H](O)[C@H](O)[C@H]1COC(C)=O,6.1,7,1,25,29,X,X,,,,,,
603,O[C@H]1O[C@H](COC(C)=O)[C@@H](O)[C@H](O)[C@@H]1OC(C)=O,6.7,7,1,23,28,X,X,,,,,,
604,C[C@H](C(O)=O)CCC(O)=O,5.6,7,1,2,13,X,X,,,,,,
605,C[Si](O)(C)O[Si](C)(C)C,4.4,7,1,3,13,0,3,12,13,,,,
606,CCCCCCCC,6.2,7,1,0,22,X,X,,,,,,
607,OCCOCCOCCO,6.8,7,1,0,9,X,X,,,,,,
608,OC(C1=CC=C(C(OCCO)=O)C=C1)=O,6.7,7,1,7,14,X,X,,,,,,
609,CCC[C@@H](C)CC(C)C,5.9,7,1,0,21,X,X,,,,,,
610,O=C(C1=CC(S(=O)(O)=O)=CC=C1)C2=CC(S(=O)(O)=O)=CC=C2,5.6,7,1,6,15,X,X,,,,,,
611,O=S(C1=CC=CC=C1)(C2=CC=CC=C2)=O,3.9,7,1,0,16,5,6,6,11,,,,
612,C[C@H](C1=CC=CC=C1)CCC2=CC=CC=C2,5.4,7,1,0,8,X,X,,,,,,
614,C[C@H](Cl)C[C@H](Cl)C[C@H](Cl)CCCl,6.1,7,1,0,22,X,X,,,,,,
616,CNC(O[C@H]1CO[C@@]2([H])[C@]1([H])OC[C@@H]2OC(NCCOC(CCN/N=C/C)=O)=O)=O,6.7,7,1,0,32,X,X,,,,,,
617,CNC(O[C@H]1CO[C@@]2([H])[C@]1([H])OC[C@@H]2OC(NCCOC(CCO/N=C/C)=O)=O)=O,6.5,7,1,0,32,X,X,,,,,,
618,CNC(O[C@H]1CO[C@@]2([H])[C@]1([H])OC[C@@H]2OC(NCCOC(CCSCC)=O)=O)=O,4.7,7,1,0,47,3,6,,,,,,
619,CNC(O[C@H]1CO[C@@]2([H])[C@]1([H])OC[C@@H]2OC(NCCOC(CCSSCC)=O)=O)=O,3.6,7,1,0,33,6,8,,,,,,
620,CNC(O[C@H]1CO[C@@]2([H])[C@]1([H])OC[C@@H]2OC(NCCOC(CC/N=C/C)=O)=O)=O,6.4,7,1,0,21,X,X,,,,,,
622,CCSSC[C@H](C(NC)=O)NC(C)=O,3.5,7,1,9,24,19,22,,,,,,
623,C[C@]1(C2=O)[C@H](C(OC)=O)[C@H](C(OC)=O)[C@]2(C)C(C3=CC=CC=C3)=C1C4=CC=CC=C4,4.5,2,1,39,46,25,26,,,,,,
624,C[C@]1(C2=O)[C@H](C(OC)=O)[C@H](C(OC)=O)[C@]2(C)C(C3=CC=C(OC)C=C3)=C1C4=CC=C(OC)C=C4,4.6,2,1,37,44,23,24,,,,,,
625,C[C@]1(C2=O)[C@H](C(OC)=O)[C@H](C(OC)=O)[C@]2(C)C(C3=CC=C(N(C)C)C=C3)=C1C4=CC=C(N(C)C)C=C4,4.7,2,1,37,44,23,24,,,,,,
626,O=C1C2(C3=CC=C(OCC)C=C3)C(C4=C(C=CC=C4)C5=C6C=CC=C5)=C6C1(C7=CC=C(OCC)C=C7)C8=C2C=CC=C8,6.4,2,1,38,46,2,8,5,8,,,,
627,O=C(CC)C[C@H]1[C@@H](CC(CC)=O)[C@@H]2CCC[C@H]1S2(=O)=O,4.1,2,1,14,24,0,1,,,,,,
628,C[C@]1(C2=O)[C@H](C#CC)[C@H](C#CC)[C@]2(C)C(C3=CC=CC=C3)=C1C4=CC=CC=C4,3.3,2,1,39,46,25,26,,,,,,
630,C[C@]1([N+]2=[N-])[C@H](COC(C(Br)(C)C)=O)[C@H](COC(C(C)(C)Br)=O)[C@]2(C)C(C3=CC=CC=C3)=C1C4=CC=CC=C4,4.3,2,1,50,62,25,26,,,,,,
631,C[C@]1(S2(=O)=O)[C@H](COC(C(Br)(C)C)=O)[C@H](COC(C(C)(C)Br)=O)[C@]2(C)C(C3=CC=CC=C3)=C1C4=CC=CC=C4,4.1,2,1,50,62,25,26,,,,,,
632,C[C@]1(C2=O)[C@H](CC)[C@H](CC)[C@]2(C)C(C3=CC=CC=C3)=C1C4=CC=CC=C4,4.2,2,1,38,41,25,26,,,,,,
701,CN1C2=CC=C(OC(C)=O)C=C2C(C)(C)[C@]13OC(C(OC(C)=O)=CC([N+]([O-])=O)=C4)=C4C=C3,4.9,6,1,36,43,19,20,,,,,,
702,CC1(C)[C@]2(OC(C(CC)=CC([N+]([O-])=O)=C3)=C3C=C2)N(CCOC(C)=O)C4=CC=CC=C41,3.1,6,1,44,50,19,20,,,,,,
703,CN1C2=CC=C(OC(C(C)(C)CC(C)C3=CC=CC=C3)=O)C=C2C(C)(C)[C@]14OC(C(OC(C(C)(C)CC(C5=CC=CC=C5)C)=O)=CC([N+]([O-])=O)=C6)=C6C=C4,5,6,1,49,76,19,20,,,,,,
704,CN1C2=CC=C(OC(C(C)(C)CC(O)C)=O)C=C2C(C)(C)[C@]13OC(C(OC(C(C)(C)CC(O)C)=O)=CC([N+]([O-])=O)=C4)=C4C=C3,5.1,6,1,49,76,19,20,,,,,,
705,CN1C2=CC=C(OC(C(C)(C)CC(C(O)=O)C)=O)C=C2C(C)(C)[C@]13OC(C(OC(C(C)(C)CC(C(O)=O)C)=O)=CC([N+]([O-])=O)=C4)=C4C=C3,5,6,1,49,76,19,20,,,,,,
706,CC1(C)[C@]2(OC(C(C(C)(C)C(OC)=O)=CC([N+]([O-])=O)=C3)=C3C=C2)N(CCCC(C)(C)C(OC)=O)C4=CC=CC=C41,2.9,6,1,46,63,19,20,,,,,,
707,CC1(C)[C@]2(OC(C(CC(C)C3=CC=CC=C3)=CC([N+]([O-])=O)=C4)=C4C=C2)N(CCCC(C5=CC=CC=C5)C)C6=CC=CC=C61,2.8,6,1,36,42,19,20,,,,,,
708,CC1(C)[C@]2(OC(C(CC(C)C(O)=O)=CC([N+]([O-])=O)=C3)=C3C=C2)N(CCCC(C(O)=O)C)C4=CC=CC=C41,2.7,6,1,36,45,19,20,,,,,,
710,O=C(N1CCCC)[C@H]2[C@@]3(OCCOC(C(C)(Br)C)=O)C4=CC=CC=C4[C@@H]([C@H]2C1=O)C5=C3C=CC=C5,4.3,2,1,39,56,19,20,,,,,,
711,O=C(N1CCCC)[C@H]2[C@@]3(NCCOC(C(C)(Br)C)=O)C4=CC=CC=C4[C@@H]([C@H]2C1=O)C5=C3C=CC=C5,4.3,2,1,39,56,19,20,,,,,,
713,O=C(N1CCCC)[C@H]2[C@@]3(OCCO)C4=CC=CC=C4[C@@H]([C@H]2C1=O)C5=C3C=CC=C5,4.2,2,1,39,46,19,20,,,,,,
714,O=C(N1CCCC)[C@H]2[C@@]3(NCCO)C4=CC=CC=C4[C@@H]([C@H]2C1=O)C5=C3C=CC=C5,4.2,2,1,39,46,19,20,,,,,,
715,O=C(OC)[C@@]1([H])C[C@@H]2[C@]3([H])[C@@]([H])(N=NN3CC4=CC=C(C(OC)=O)C=C4)[C@H]1O2,6.2,2,0,0,40,X,X,,,,,,
716,O=C(OC)[C@@]1([H])C[C@@H]2[C@]3([H])[C@@]([H])(N(CC4=CC=C(C(OC)=O)C=C4)N=N3)[C@H]1O2,5.1,2,1,0,37,13,25,,,,,,
717,O=C(C(C)(C)CC)OCCC1=CN(CCOC(C(C)(C)CC)=O)N=N1,6.2,2,0,17,41,X,X,,,,,,
718,O=C(C(C)(C)CC)OCCN1C(CCOC(C(C)(C)CC)=O)=CN=N1,6.2,2,0,15,42,X,X,,,,,,
719,C[C@@H]1[C@]2([H])C=C[C@]2([H])[C@@H]1C,3.2,1,1,6,8,4,5,,,,,,
720,COC([C@@H]1[C@]2(CC)C(CC)=C(CC)[C@]2(CC)[C@@H]1C(OC)=O)=O,4.5,1,1,16,21,4,5,,,,,,
721,O=C(OC)[C@@]12[C@@](C(C)(C)[C@@H]2C(OC)=O)([H])C(CC)=C1CC,5.4,1,1,12,26,1,4,,,,,,
722,O=C(OC)[C@@]12[C@@](CC2)(C(OC)=O)C(CC)=C1CC,3.9,1,1,10,15,2,3,,,,,,
723,CC(N1CC2=C(C=CC=C2)C3=C(N(C)N=N3)C4=C1C=CC=C4)=O,5.6,2,0,27,35,X,X,,,,,,
724,CN(N=N1)C2=C1C(C=CC=C3)=C3N(C(C)=O)CC4=C2C=CC=C4,5.7,2,0,27,34,X,X,,,,,,
725,FC(C=C(C)C(F)=C1)=C1C[C@H]2[C@@H](CC3=C(F)C=C(C)C(F)=C3)[C@H](CC4=CC=NC=C4)[C@@H]2CC5=CC=NC=C5,4.4,1,1,58,62,0,1,,,,,,
726,CCC1=C[C@]2([H])[C@@H]3C=C(CC)[C@@H](C3)[C@]2([H])C1,5.9,2,0,3,22,11,15,,,,,,
727,CCC1=C[C@]2([H])[C@@H]3C=C[C@](C3)(CC)[C@]2([H])C1,4.9,2,1,3,27,11,15,,,,,,
728,O=C(OC)N1[C@@H]2[C@H]3C=C(CC)[C@H](C3)[C@@H]2N1C(OCC)=O,4.9,1,1,28,34,5,14,,,,,,
729,CCN1C([C@]2([H])[C@@H](COC(C)=O)C=C(CC)[C@@H](C)[C@]2([H])C1=O)=O,6.1,2,0,8,23,X,X,,,,,,
730,CCC1=C[C@@H]2C3[C@H](C(C(C=C(CC)C=C4)=C4C3=O)=O)[C@H]1C2,6.2,2,0,13,33,X,X,,,,,,
731,CCC1=C[C@@H]2C3[C@H](C(C(C(CC)=CC=C4)=C4C3=O)=O)[C@H]1C2,6.2,2,0,13,35,X,X,,,,,,
732,CCC1=C[C@@H]2C[C@H](C(CC)=O)[C@H]1C2,5.8,2,0,13,24,X,X,,,,,,
733,CCC1=C[C@@H]2C[C@@H](C(CC)=O)[C@H]1C2,5.8,2,0,13,24,X,X,,,,,,
734,O=C(N1CCNC)[C@H]2[C@@]3(OC(NC4=CC=CC(NC(OCCOC(C)=O)=O)=C4)=O)C5=CC=CC=C5[C@@H]([C@H]2C1=O)C6=C3C=CC=C6,4.3,2,1,39,73,19,20,,,,,,
735,CC(CCN1CC)(C)C2=C1C=CC(C#CC3=CC=C(N(C)[C@@]4(OC(C=C(C#CC5=CC(C(C)(C)CCN6CC)=C6C=C5)C([N+]([O-])=O)=C7)=C7C=C4)C8(C)C)C8=C3)=C2,5.7,6,1,60,94,18,19,,,,,,
736,O=C(OCC)[C@@H]1CO[C@@H]1C(OCC)=O,4.5,1,1,7,17,0,2,,,,,,
737,O=C(OCC)[C@@H]1CO[C@H]1C(OCC)=O,5.6,1,1,7,17,0,2,,,,,,
738,CC[C@@H]1CO[C@@H]1CC,4.1,1,1,5,7,0,2,,,,,,
739,CC[C@@H]1CO[C@H]1CC,4.8,1,1,5,7,0,2,,,,,,
740,CCC1=C[C@@H]2C[C@@](C(CC)=O)(C#N)[C@H]1C2,5,2,0,13,23,X,X,,,,,,
741,CCC1=C[C@@H]2C[C@](C(CC)=O)(C#N)[C@H]1C2,5,2,0,13,23,X,X,,,,,,
742,CC1(C)[C@]2(/C=C/C3=C(Cl)/C(CCC3)=C/C=C4C(C)(C)C(C=CC=C5)=C5N\\4C)N(CC(C=CC=C6NC(C(CC)(C)C)=O)=C6O2)C7=CC=CC(C(OC(C)(C)CC)=O)=C71,5.2,6,1,45,111,16,17,,,,,,
743,CC1(C)C2(/C=C/C3=C(Cl)C=C(N(C)C)C=C3)N(CC(C=C([N+]([O-])=O)C=C4OCC)=C4O2)C5=CC=CC(C(OC)=O)=C51,4.8,6,1,33,64,16,17,,,,,,
744,CC1(C)C2=CC(OC(C3=CC=C(OCC)C=C3)=O)=CC=C2N(C)[C@]14C=CC(C=CC=C5OC(C6=CC=C(OCC)C=C6)=O)=C5O4,5.1,6,1,51,73,18,19,,,,,,
745,CCOC(C=C1)=CC=C1[C@@]2(C3=C(C=CC=C4)C4=CC=C3)C=CC5=C6C(C=CC=C6)=CC(COC(C)=O)=C5O2,4.4,6,1,21,49,1,2,,,,,,
746,CC(OCC1=C2C(C=C[C@](C3=C(C=CC=C4)C4=CC=C3)(C5=CC=C(CC)S5)O2)=C6C(C=CC=C6)=C1)=O,4.2,6,1,21,45,1,2,,,,,,
747,CC(OCC1=C2C(C=C[C@](C3=C(C=CC=C4)C4=CC=C3)(C5=CC=C(N(CC)C)C=C5)O2)=C6C(C=CC=C6)=C1)=O,4.2,6,1,21,49,1,2,,,,,,
749,CN1C2=CC=C(C3=CC(OC)=C(CCC)S3)C=C2C(C)(C)[C@]14OC(C=CC(C5=CC(OC)=C(CCC)S5)=C6)=C6C=C4,6.3,6,0,52,70,X,X,,,,,,
750,CN1C2=CC=C(C3=C(OC)C=C(CCC)C(OC)=C3)C=C2C(C)(C)[C@]14OC(C=C5C(O[C@]6(C(C)(C)C(C=C(CCC)C=C7)=C7N6C)C=C5)=C8)=C8C=C4,6.2,6,0,45,88,X,X,,,,,,
751,CN1C2=CC=C(CCC)C=C2C(C)(C)[C@]13OC(C=CC(C4=CC(C(C)(C)C5=C6C=CC(CCC)=C5)=C6C=C4)=C7)=C7C=C3,6.3,6,0,69,77,X,X,,,,,,
752,CN1C2=CC=C(CCC)C=C2C(C)(C)[C@]13OC(C(C4=CC(C(C)(C)C5=C6C=CC(CCC)=C5)=C6C=C4)=CC=C7)=C7C=C3,5.3,6,1,70,78,18,19,,,,,,
753,CN1C2=CC=C(C3=CC=C(C4=CC=C(O)C(C5=CC=C(CCC)C=C5O)=C4)C=C3)C=C2C(C)(C)[C@]16OC(C=CC(C7=CC=C(CCC)C=C7)=C8)=C8C=C6,6.3,6,0,79,94,X,X,,,,,,
754,CN1C2=CC=C(C3=CC=C(OCC)C=C3)C=C2C(C)(C)[C@]14OC(C=CC(C5=CC=C(OCC)C=C5)=C6)=C6C=C4,6.4,6,0,60,68,X,X,,,,,,
755,CN1C2=CC=C(C(OC)=O)C=C2C(C)(C)[C@]13OC(C(CC(C(CC)=C)=O)=CC([N+]([O-])=O)=C4)=C4C=C3,5.2,6,1,50,58,18,19,,,,,,
756,CC1(C)[C@]2(SC(C(COC(C)=O)=CC([N+]([O-])=O)=C3)=C3C=C2)N(CCOC(C)=O)C4=CC=CC=C41,2.3,6,1,45,55,18,19,,,,,,
757,CN1C2=CC=C(CCC)C=C2C(C)(C)[C@]13OC(C(C(OC(C)=O)=CC=C4O)=C4C=C5)=C5C=C3,4.9,6,1,37,56,17,18,,,,,,
758,CC1(C)[C@]2(OC(C(C=CC=C3CC(CCCC)C4)=C3C4=C5)=C5C=C2)N(CC)C6=CC=CC=C61,6.1,6,0,56,62,X,X,,,,,,
759,CC1(C)[C@]2(SC(C(OCC)=CC([N+]([O-])=O)=C3)=C3C=C2)N(C)C4=CC=C(OCC)C=C41,2.1,6,1,39,45,18,19,,,,,,
760,CC(OC(C=C1)=CC=C1[C@]2(C3=CC=C(N4CCCC4)C=C3)C=CC5=CC6=CC=CC=C6C(CCCOC(C)=O)=C5O2)=O,3.6,6,1,54,70,0,18,,,,,,
761,CCC(C=C1)=CC=C1[C@@]2(C3=CC=CC=C3)C=CC4=C5C(C=CC=C5OC(C)=O)=CC=C4O2,5.1,6,0,40,50,X,X,,,,,,
762,COC1=C2C(C=C[C@](C3=CC=CC=C3)(C4=CC=C(OC)C=C4)O2)=C5C(C=CC=C5)=C1,4.6,6,1,40,46,1,2,,,,,,
763,CC1(C)[C@]2(OC(C(CC)=CC([N+]([O-])=O)=C3)=C3C=C2)N(CCC(NCCN4C(C5=C6C(C4=O)=CC=CC6=CC(OC(C)=O)=C5)=O)=O)C7=CC=CC=C71,3.3,6,1,36,80,15,16,,,,,,
764,CC(OCC1=CC(C=CC=C2)=C2C3C1O[C@](C4=CC=C(OCCOC(C)=O)C=C4)(C5=CC=CC=C5)CC3)=O,4.3,6,1,47,61,1,2,,,,,,
766,CC(OC1=CC([N+]([O-])=O)=CC(C=C2)=C1O[C@]32N(CCOC(C)=O)C4=CC=CC=C4C35CCCCC5)=O,3.2,6,1,33,46,17,18,,,,,,
767,CC1(C)[C@]2(OC(C([N+]([O-])=O)=CC(NC(CC)=O)=C3)=C3C=C2)N(CCOC(C)=O)C4=CC=CC=C41,4.5,6,0,45,62,X,X,,,,,,
770,CC1(C)[C@]2(OC(C(C(O)=O)=CC(COC(C)=O)=C3)=C3C=C2)N(CCOC(C)=O)C4=CC=CC=C41,5.9,6,0,43,58,X,X,,,,,,
771,CC1(C)[C@]2(OC(C(C(OC(C)=O)=CC(C(F)(F)F)=C3)=C3C=C4)=C4C=C2)N(CCCOC(C)=O)C5=CC=CC=C51,3.6,6,1,41,54,18,19,,,,,,
773,CC1(C)[C@@]2(OC(C(OC(C)=O)=CC(C=O)=C3)=C3C=C2)N(CCOC(C)=O)C4=C1C=CC=C4,3,6,1,43,52,18,19,,,,,,
774,CC(OCCN([C@]1(OC(C(OC(C)=O)=CC([N+]([O-])=O)=C2)=C2C=C1)S3)C4=C3C=CC=C4)=O,2.8,6,1,35,43,18,19,,,,,,
775,CC1(C)[C@@]2(OC(C(OC(C)=O)=CC3=C4C=C(O)C=C3)=C4N=C2)N(CCOC(C)=O)C5=CC=CC=C51,3.8,6,1,40,49,17,18,,,,,,
776,CC1(C)[C@]2(OC(C(C(OC(C)=O)=CC=C3)=C3C4=C5C=CC=C4)=C5N=C2)N(CCOC(C)=O)C6=CC=CC=C61,4.3,6,1,39,53,17,18,,,,,,
777,O=C(C)OCCN1C2=CC=CC=C2S[C@]13OC(C(C(OC(C)=O)=CC(C(F)(F)F)=C4)=C4C5=C6C=CC=C5)=C6N=C3,3.4,6,1,31,45,17,18,,,,,,
778,CC1(C)[C@]2(OC(C(C(OC(C)=O)=CC=N3)=C3C4=C5C=CC=N4)=C5N=C2)N(CCOC(C)=O)C6=CC=CC=C61,3.9,6,1,39,52,17,18,,,,,,
779,O=C(C)OCCN1[C@@]2(OC(C(C(OC(C)=O)=CC=N3)=C3C4=C5C=CC=N4)=C5N=C2)C(C6)C[C@H]7C[C@@H]1C[C@@H]6C7,3.5,6,1,25,38,12,13,,,,,,
780,CC1(C)[C@@]2(OC(C(OC(C)=O)=CC(C(F)(F)F)=C3)=C3C=C2)N(CCOC(C)=O)C4=CC=CC=C41,3.2,6,1,34,46,19,20,,,,,,
781,CC1(C)[C@@]2(OC(C(O)=CC3=C4C=C(OCC(OCC)=O)C=C3)=C4N=C2)N(CCOC(C)=O)C5=CC=CC=C51,5.3,6,0,45,66,X,X,,,,,,
782,CC1(C)[C@@]2(OC(C(OC(C)=O)=CC=C3S(=O)(O)=O)=C3C=C2)N(CCOC(C)=O)C4=CC=CC=C41,3,6,1,34,46,19,20,,,,,,
783,CC1(C)C2=C(C=CC=C2)N(CCOC(C)=O)[C@@](O3)1C=CC4=C3C(OC5=O)C(C6=C4O[C@@]7(C(C)(C)C(C=CC=C8)=C8N7CCOC(C)=O)C=C6)C9=C5C=CC=C9,3.4,6,1,37,82,17,18,,,,,,
784,CC1(C)C2=C(C=CC(Cl)=C2)N(CCOC(C)=O)[C@@](O3)1C=CC4=C3C(OC5=O)C(C6=C4O[C@@]7(C(C)(C)C(C=C(Cl)C=C8)=C8N7CCOC(C)=O)C=C6)C9=C5C=CC=C9,3.5,6,1,37,81,17,18,,,,,,
785,CC1(C)[C@@]2(OC(C(OC(C)=O)=CC(C(O)=O)=C3)=C3C=C2)N(CCOC(C)=O)C4=CC=CC=C41,3.2,6,1,34,46,19,20,,,,,,
786,CC1(C)[C@@]2(OC(C3=NC(C(OC(C)=O)=CC=C4)=C4S3)=CC([N+]([O-])=O)=C2)N(CCOC(C)=O)C5=CC=CC=C51,3.6,6,1,34,53,14,15,,,,,,
787,CC1(C)[C@@]2(OC(C3=NC(C4=C(OC(C)=O)C=CC=C4)=C(C5=CC=CC=C5)O3)=CC([N+]([O-])=O)=C2)N(CCOC(C)=O)C6=CC=CC=C61,2.9,6,1,34,75,14,15,,,,,,
788,CC1(C)[C@@]2(OC(C(OC(C)=O)=CC3=C4C=CC=C3)=C4N=C2)N(CCOC(C)=O)C5=CC=CC=C51,3.9,6,1,33,45,18,19,,,,,,
789,CC1(C)[C@@]2(OC(C(OC(C)=O)=CC3=C4C=CC=[N+]3CC5=CC=C(C)C=C5)=C4C=C2)N(CC6=CC=C(OCC)C=C6)C7=CC=CC=C71,1.6,6,1,33,61,18,19,,,,,,
790,CN1C2=CC=C(OC(C)=O)C=C2C(C)(C)[C@]13OC(C(OC(CCCC)=O)=CC([N+]([O-])=O)=C4)=C4C=C3,4.6,6,1,41,56,17,18,,,,,,
791,CC1(C)[C@]2(OC(C(C=C(OC(C)=O)C=C3)=C3C4=C5C=CC=C4)=C5N=C2)N(CCOC(C)=O)C6=CC=CC=C61,4.1,6,1,39,60,17,18,,,,,,
792,CC1(C)[C@]2(OC(C(C=CC(OC(C)=O)=C3)=C3C4=C5C=CC=C4)=C5N=C2)N(CCOC(C)=O)C6=CC=CC=C61,4.7,6,1,39,62,17,18,,,,,,
793,CC1(C)[C@@]2(OC(C(OC(C)=O)=CC([N+]([O-])=O)=C3)=C3C=C2)N(CCC(OC4=CC=C(/C(C5=CC=C(O)C=C5)=C(C6=CC=C(OCC)C=C6)\\C7=CC=CC=C7)C=C4)=O)C8=CC=CC=C81,3.1,6,1,34,101,19,20,,,,,,
794,CN1C2=CC=C(C#CCCC)C=C2C(C)(C)[C@]13OC(C=C(C#CCCC)C=C4)=C4C=C3,6.2,6,1,45,56,18,19,,,,,,
795,CN1C2=CC=C(OC(OCC)=O)C=C2C(C)(C)[C@@]13OC(C(OC(OCC)=O)=CC([N+]([O-])=O)=C4)=C4C=C3,4.7,6,1,48,56,17,18,,,,,,
796,O=C(C)OC1=CC=CC2=CC=C3C(C=C[C@@]4(C5=CC=CC=C5C6=C4C(OC(C)=O)=CC=C6)O3)=C21,5,6,0,40,47,0,1,,,,,,
797,O=C(C)OC1=CC=CC2=CC=C3C(C=C[C@@]4(C5=CC=CC=C5C6=C4C=C(OC(C)=O)C=C6)O3)=C21,5.1,6,0,40,47,0,1,,,,,,
798,O=C(C)OC1=CC=CC2=CC=C3C(C=C[C@@]4(C5=CC=CC=C5C6=C4C=CC(OC(C)=O)=C6)O3)=C21,5.1,6,0,37,46,0,1,,,,,,
799,O=C(C)OCCOC1=C2C(C=C[C@](C3=CC=CC=C3)(C4=CC=CC=C4OC(C)=O)O2)=C5C(C=CC=C5)=C1,5.5,6,1,28,58,1,2,,,,,,
800,O=C(C)OCCOC1=C2C(C=C[C@](C3=CC=CC=C3)(C4=CC=CC(OC(C)=O)=C4)O2)=C5C(C=CC=C5)=C1,4.6,6,1,28,58,1,2,,,,,,
801,CC1(C)[C@@]2(OC(C(OC(C)=O)=CC([N+]([O-])=O)=C3)=C3C=C2)N(CCOC([C@@H]4CC5C(CC)=CC4C5)=O)C6=CC=C(OC)C=C61,3.4,6,1,40,64,17,18,,,,,,
802,CC(OCCN1C2=CC(S(=O)(O)=O)=CC(S(=O)(O)=O)=C2C[C@@]13OC(C(OC(C)=O)=CC(S(=O)(O)=O)=C4)=C4C=C3)=O,3.5,6,1,37,50,15,16,,,,,,
803,CC1(C)[C@@]2(OC(C(OCCOC(C)=O)=CC3=C4C=C(O)C=C3)=C4N=C2)N(CCN5N=NC(C6=CC(OCC7=CC(O)=CC(OCC)=C7)=CC(OCC8=CC=CC=C8)=C6)=C5)C9=CC=CC=C91,3.9,6,1,85,109,17,18,,,,,,
804,CC1(C)[C@@]2(OC(C(CCOC(CCCC)=O)=CC([N+]([O-])=O)=C3)=C3C=C2)N(CCOC(CCCC)=O)C4=CC=CC=C41,3.1,6,1,64,72,17,18,,,,,,
805,CC1(C)[C@@]2(OC(C(CCOC(CCC)=O)=CC=C3)=C3C=C2)N(CCOC(CCCC)=O)C4=CC=C(OCC)C=C41,3.6,6,1,69,77,17,18,,,,,,
806,O=C(NCC1=CC(CC2=CC(N=C=O)=C(OC(C)=O)C=C2)=CC=C1)OCCN3C4=CC=CC=C4C[C@@]35OC(C(COC(NC6=CC=CC(CC7=CC=C(OC(C)=O)C(N=C=O)=C7)=C6)=O)=CC=C8)=C8C=C5,3.6,6,1,87,97,17,18,,,,,,
807,CC1(C)[C@@]2(OC(C(OC([C@@H]3CC4C(CC)=CC3C4)=O)=CC([N+]([O-])=O)=C5)=C5C=C2)N(CC)C6=CC=C(OC(C7C8C(CC)=CC(C8)C7)=O)C=C61,4.5,6,1,65,81,17,18,,,,,,
808,O=C(C)OCC1=CC2=C3C(C=C[C@](C4=CC=CC=C4)(C5=CC=CC(OC(C)=O)=C5)O3)=CC=C2C=C1,4.6,6,1,17,54,1,2,,,,,,
809,CC(OC1=CC([C@@]2(C3=CC=CC=C3)C=CC4=CC=C5C(C=CC(COC(C)=O)=C5)=C4O2)=CC=C1)=O,5.1,6,1,43,54,1,2,,,,,,
810,CC1(C)[C@@]2(SC(C=CC(COC)=C3)=C3C=C2)N(CCOC)C4=CC=CC=C41,5.7,6,0,37,48,X,X,,,,,,
811,CN1C2=CC=C(OC(C)=O)C=C2C(C)(C)[C@@]13SC(C(OC(C)=O)=CC(C)=C4)=C4C=C3,3.7,6,1,43,51,19,20,,,,,,
812,CC1(C)[C@@]2(OC(C(OC(C)=O)=CC([N+]([O-])=O)=C3)=C3C=C2)N(CCC[NH+](C)C)C4=CC=C(C=O)C=C41.[Br-],3.6,6,1,38,63,17,18,,,,,,
813,CC1(C)[C@@]2(OC(C=C(C3=CC(OC4=C5C=CC(OCC)=C4)=C5C=C3)C=C6)=C6C=C2)N(CCOC(C)=O)C7=CC=CC=C71,4.7,6,1,40,66,17,18,,,,,,
814,CC1(C)[C@]2(OC(C=C(C3=CC(N(COC(C)=O)C4=C5C=CC=C4)=C5C=C3)C=C6)=C6C=C2)N(CCOC(C)=O)C7=CC=CC=C71,5.1,6,1,40,76,17,18,,,,,,
815,CC1(C)[C@@]2(OC(C=C(C3=CC(OC4=C5C(OCC)=CC=C4)=C5C=C3)C=C6)=C6C=C2)N(CCOC(C)=O)C7=CC=CC=C71,4.7,6,1,40,69,17,18,,,,,,
816,CC1(C)[C@@]2(OC(C=C(N3C(C=CC(OC(C)=O)=C4)=C4C5=C3C=CC=C5)C=C6)=C6C=C2)N(CCOC(C)=O)C7=CC=CC=C71,4.8,6,1,40,70,17,18,,,,,,
817,CC1(C)[C@]2(OC(C=C(N3C(C=CC=C4OCC)=C4C5=C3C=CC=C5)C=C6)=C6C=C2)N(CCOC(C)=O)C7=CC=CC=C71,4.4,6,1,40,68,17,18,,,,,,
818,CN1C2=CC=C(C3=CN4C(C=C(OCC)C=C4)=N3)C(O)=C2C(C)(C)[C@]15OC(C(OC(C)=O)=CC(C#N)=C6)=C6C=C5,4.7,6,1,52,63,16,17,,,,,,
819,CC1(C)[C@@]2(OC(C(OC(C)=O)=CC([N+]([O-])=O)=C3)=C3C=C2)N(CCOC(NCCOC(C(OCC)(C)CC(C)(C)C(OC)=O)=O)=O)C4=CC=CC=C41,3.4,6,1,38,83,17,18,,,,,,
820,CC1(C)[C@@]2(OC(C(OC(C)=O)=CC([N+]([O-])=O)=C3)=C3N=C2)N(CCOC(C)=O)C4=CC=CC=C41,3.4,6,1,34,46,19,20,,,,,,
821,CC1(C)[C@@]2(OC(C(OC(C)=O)=CC([N+]([O-])=O)=C3)=C3C=C2)N(CC(C)(C)CCC(CCC4=CC=CC(C)=C4)C5=CC=CC=C5)C6=CC=CC=C61,2.5,6,1,34,87,19,20,,,,,,
822,CC1(C)[C@@]2(OC(C(CCOC(C3=CC(C=C(OC(C)=O)C=C4)=C4C=C3)=O)=CC=C5)=C5C=C2)N(CCOC(C6=CC(C=C(OC(C)=O)C=C7)=C7C=C6)=O)C8=CC=CC=C81,3.7,6,1,62,93,17,18,,,,,,
823,CC1(C)[C@]2(OC(C(OC(C)=O)=CC([N+]([O-])=O)=C3)=C3C=C2)N(CC4=CC=C(C=CC(OC(C)=O)=C5)C5=C4)C6=CC=CC=C61,3.7,6,1,38,65,17,18,,,,,,
1005,CC1(C)[C@]2(OC(C(OC(C)=O)=CC([N+]([O-])=O)=C3)=C3C=C2)N(CCOC(CCCCC4C(CC)SCS4)=O)C5=CC=C(OC)C=C51,2.7,6,1,38,79,17,18,,,,,,
1006,CN1C2=CC=C(C3=CC=C(C(OC(C)=O)=C4)C5=C3C=CC6=C5C4=CC=C6)C=C2C(C)(C)[C@@]17OC(C(OC(C)=O)=CC(C#N)=C8)=C8C=C7,4.7,6,1,35,71,17,18,,,,,,
1007,CC1(C)[C@@]2(OC(C(OC(C)=O)=CC(C#N)=C3)=C3C=C2)N(CCOC(C)=O)C4=CC=CC=C41,3,6,1,35,51,17,18,,,,,,
1009,CN1C2=CC=C(O/C(C(CC)=C)=C/C)C=C2C(C)(C)[C@]13OC(C(OC(C(CC)=C)=O)=CC([N+]([O-])=O)=C4)=C4C=C3,5,6,1,52,69,19,20,,,,,,
1010,CC1(C)[C@]2(SC(C=CC(OC(C)=O)=C3)=C3C=C2)N(CCOC(C)=O)C4=CC=CC=C41,5.1,6,0,38,50,X,X,,,,,,
1011,CC1(C)[C@@]2(OC(C=CC(CC3C(NC)=O)=C4OC3=O)=C4C=C2)N(CCOC(C)=O)C5=CC=CC=C51,5.6,6,0,42,56,X,X,,,,,,
1012,CC(OC(C=C1)=CC=C1[C@@]2(C3=CC=CC=C3)C=CC4=C5C(C=CC([N+]([O-])=O)=C5)=CC(OC(C)=O)=C4O2)=O,4.2,6,1,39,47,1,2,,,,,,
1014,CC1(C)[C@@]2(OC(C(OC(C)=O)=CC(C3=C(C=CC=C4)C4=CC5=C3C=CC=C5)=C6)=C6C=C2)N(CCOC(C)=O)C7=CC=CC=C71,3.5,6,1,35,50,17,18,,,,,,
1015,CC1(C)[C@@]2(OC(C=C(C3=CC4=C(C=C3)C=C5C(C=C(OC(C)=O)C=C5)=C4)C=C6)=C6N=C2)N(CCOC(C)=O)C7=CC=CC=C71,5.5,6,1,40,69,17,18,,,,,,
1016,CC1(C)[C@]2(OC(C=C(C3=C(C=CC=C4OC(C)=O)C4=CC5=C3C=CC=C5)C=C6)=C6N=C2)N(CCOC(C)=O)C7=CC=CC=C71,5.7,6,1,40,72,17,18,,,,,,
1017,CC1(C)[C@]2(OC(C(OC(C)=O)=CC([N+]([O-])=O)=C3)=C3C=C2)N(CC4=CC=C(C(OC)=O)C=C4)C5=CC=C(OC)C=C51,2.3,6,1,38,64,17,18,,,,,,
1018,CC(OC(C=C1)=CC=C1[C@@]2(C3=CC=CC=C3)C=CC4=C5C(C=C(COC(N)=O)C=C5)=CC(OC(C)=O)=C4O2)=O,4.3,6,1,34,47,1,2,,,,,,
1019,CC1(C)[C@@]2(OC3=C(C=C(C=O)C=C3C4=NC(C=CC(OC(C)=O)=C5)=C5S4)C=C2)N(CCOC(C)=O)C6=CC=CC=C61,2.8,6,1,43,63,16,17,,,,,,
1020,CC(OC(C=C1)=CC=C1[C@@]2(C3=CC=CC=C3)C=CC4=C5C(C(C=CC=C6)=C6C5)=C7C(C=C(OC(C)=O)C=C7)=C4O2)=O,4.1,6,1,40,62,1,2,,,,,,
1021,CC1(C)[C@@]2(OC(C(COC(C(C)Br)=O)=CC([N+]([O-])=O)=C3)=C3C=C2)N(CCOC(C(C)Br)=O)C4=CC=CC=C41,2.9,6,1,45,60,17,18,,,,,,
1022,CN1C2=CC=C(OC(C=C3)=CC=C3/C(C4=CC=CC=C4)=C(C5=CC=CC=C5)/C6=CC=C(CC)S6)C=C2C(C)(C)[C@]17OC(C(OC(C)=O)=CC([N+]([O-])=O)=C8)=C8C=C7,4.9,6,1,38,90,17,18,,,,,,
1023,CC1(C)[C@]2(SC(C(CC)=CC=C3)=C3C=C2)N(CCOC(C)=O)C4=CC=C(O)C=C41,2.7,6,1,42,49,19,20,,,,,,
1024,CC1(C)[C@]2(OC(C(OC(C)=O)=CC3=C4C=CC=C3)=C4N=C2)N(CCOC(C)=O)C5=CC=CC=C51,3.9,6,1,40,49,17,18,,,,,,
1025,CC1(C)[C@@]2(OC(C(OC(C)=O)=CC(C3=CC=C(OCCOC4=CC=CC=C4)C=C3)=C5)=C5C=C2)N(CCOC(C)=O)C6=CC=CC=C61,3.6,6,1,37,49,19,20,,,,,,
1026,CC1(C)[C@@]2(OC(C(OC(C)=O)=CC3=C4C=CC([N+]([O-])=O)=C3)=C4C=C2)N(CC5=CC=C(OCC)C=C5)C6=CC=CC=C61,2.5,6,1,33,60,18,19,,,,,,
1027,CC1(C)[C@]2(OC(C(OC(C)=O)=CC(C3=CC=C(C(C=CC=C4)=C4C5(CCCC)CCCC)C5=C3)=C6)=C6C=C2)N(CCOC(C)=O)C7=CC=CC=C71,3.5,6,1,37,49,19,20,,,,,,
1029,CC1(C)[C@]2(OC(C3=CC(OC(C)=O)=CC=C3)=CC=C2)N(CCOC(C)=O)C4=CC=CC=C41,3.7,6,1,33,64,13,14,,,,,,
1030,CC1(C)[C@@]2(OC(C(OC(C)=O)=CC([N+]([O-])=O)=C3)=C3C=C2)N(CC4=CC=C(OCCOC5=CC=C(OCC)C=C5)C=C4)C6=CC=CC=C61,2.6,6,1,38,60,17,18,,,,,,
1031,CN1C2=CC3=C(C=C(OCC)C=C3)C=C2C(C)(C)[C@@]14OC(C(OC(C)=O)=CC([N+]([O-])=O)=C5)=C5C=C4,4.5,6,1,36,55,18,19,,,,,,
1032,CC1(C)[C@@]2(OC(C(OC(C)=O)=CC([N+]([O-])=O)=C3)=C3C=C2)N(CCOC(C4=CC(OCC5=CC=C(OCC)C=C5)=CC(OCC6=CC=CC=C6)=C4)=O)C7=CC=CC=C71,2.6,6,1,34,93,19,20,,,,,,
1033,CC1(C)C2(C3=CC=CC=C3)N(CC(C=C([N+]([O-])=O)C=C4OCC)=C4O2)C5=CC=CC(OCC)=C51,3.5,6,1,33,45,16,17,,,,,,
1034,CC1(C)C2(/C=C/C3=CC=CC=C3O)N(CC(C=C([N+]([O-])=O)C=C4OCC)=C4O2)C5=CC=CC(OCC)=C51,3,6,1,33,42,16,17,,,,,,
1035,CC1(C)C2(/C=C/C3=CC=C([N+]([O-])=O)C=C3O)N(CC(C=C([N+]([O-])=O)C=C4OCC)=C4O2)C5=CC=CC(OCC)=C51,2.9,6,1,33,42,16,17,,,,,,
1036,CC1(C)C2(/C=C/C3=C(O)C=C([N+]([O-])=O)C=C3O)N(CC(C=C([N+]([O-])=O)C=C4OCC)=C4O2)C5=CC=CC(OCC)=C51,3.5,6,1,33,42,16,17,,,,,,
2001,O=C(C)O[C@@]1(F)[C@](OC(C)=O)(F)[C@]2(F)[C@@]3([H])[C@]4([H])CC[C@]4([H])[C@@]3([H])[C@@]21F,3.4,1,0,23,24,15,16,,,,,,
2002,O=C(C)O[C@@]1([H])[C@](OC(C)=O)([H])[C@]2([H])[C@@]3(F)[C@]4(F)CC[C@]4(F)[C@@]3(F)[C@@]21[H],3.6,1,1,23,24,15,16,,,,,,
2003,O=C(N1CCOC(C)=O)C2=C(C=CC=C2)[C@]31C4=CC=C(N(CCOC(C)=O)CC)C=C4OC5=C3C=CC=C5,5.1,7,1,42,66,29,30,,,,,,
2004,O=C(N1CCOC(C)=O)C2=C(C=CC=C2)[C@]31C4=CC=C(N(CCOC(C)=O)CC)C=C4OC5=C3C=CC(N(CC)CC)=C5,4.9,7,1,42,65,29,30,,,,,,
2005,O=C(N1CCOC(C)=O)C2=C(C=CC=C2)[C@]31C4=CC=C(N(CCOC(C)=O)CC)C=C4OC5=C3C=CC(OC)=C5,5.1,7,1,42,65,29,30,,,,,,
2006,O=C(N1CCOC(C)=O)C2=C(C=CC=C2)[C@]31C4=CC=C(N(CCOC(C)=O)CC)C=C4OC5=C3C=CC6=C5C=CC=C6,5.1,7,1,41,64,28,29,,,,,,
2007,CCN(CCC(C(OC)=O)C(C(OC)=O)C)C1=CC2=C(C=C1)[C@@]3(N([C@@H]([C@H](C(OC)=O)C)C(OC)=O)C(C4=C3C=CC=C4)=O)C=C(C5=CC6=C(C=C(N(CC)CC)C=C6)OC5=O)O2,4.8,7,0,99,113,24,25,,,,,,
2008,O=C(N1CCOCC)C2=C(C=CC=C2)[C@@]31C4=CC(C)=C(NCC)C=C4OC5=C3C=C(C)C(N(CC)CCOC)=C5,4.9,7,1,39,69,26,27,,,,,,
2009,O=C(N1NCOCC)C2=C(C=CC=C2)C31C4=CC=C(N(CC)CC)C=C4OC5=C3C=C(C6=NC(C=CC=C7)=C7N6CCCOC)C(O)=C5,4.5,7,1,38,88,28,29,,,,,,
2010,O=C(OC)C(C=C1)=CC=C1N2C(O[C@@H](OCCOC(C(C)(C)C[C@@H](C(OC)=O)Br)=O)C[C@@H]3C4=CC=CO4)=C3C(C(F)(F)F)=N2,5.5,2,1,11,67,22,23,,,,,,
2011,O=C(C)OC(C=C1)=CC=C1[C@@]2(C3=CC=CC=C3)OC4=C(C=CC5=C4C6=C(C=CC=C6)N5CCOC(C)=O)C=C2,5.3,6,1,38,59,1,2,,,,,,
2012,O=C(C)OCCN1C([C@]2([H])[C@]3(COC(OC4=C(/C=C/C(OC)=O)C=CC([C@@]5(OC)C6([C@H]7C[C@H]8C[C@@H]6C[C@H](C8)C7)OO5)=C4Cl)=O)C=C[C@](O3)(OC9=CC=C(OCCOC(C)=O)C=C9)[C@]2([H])C1=O)=O,4.3,2,1,25,57,0,1,,,,,,
2013,[H][C@]12[C@H]3[C@@](C(OC)=O)([H])C[C@H](O3)[C@@]1([H])N=NN2CC4=CC=C(C(OC)=O)C=C4,3.9,2,1,27,34,0,1,,,,,,
2014,[H][C@]12[C@H]3[C@](C(OC)=O)([H])C[C@H](O3)[C@@]1([H])N=NN2CC4=CC=C(C(OC)=O)C=C4,3.3,2,1,27,34,0,1,,,,,,
2015,O=C1N(CCOC(C(C)(C)[C@@H](C)C(OC)=O)=O)C([C@]2([H])[C@]3(COC(NC4=CC(OC(C=C5CC)=O)=C5C=C4)=O)C=C[C@](O3)(OC6=CC=C([C@@H](CCCOC(C(C(C)CC(OC)=O)(C)C)=O)OC(C7=CC=C(C(C)=CC(O8)=O)C8=C7)=O)C=C6OC)[C@@]21[H])=O,4.1,2,1,68,101,0,1,,,,,,
2016,O=C1N(CC(O)COCC)C([C@]2([H])[C@]3(COCC)C=C[C@@H](O3)[C@@]21[H])=O,3.9,2,1,29,40,3,4,,,,,,
2019,O=C1N(CC)C([C@]2([H])[C@@H]3C=C[C@](S3)(CC)[C@@]21[H])=O,4.6,2,1,18,22,0,1,,,,,,
2020,O=C1N(CCOC(C)=O)C([C@]2([H])[C@@H]3C=C[C@](S3)(COC(C)=O)[C@@]21[H])=O,4.5,2,1,29,35,0,1,,,,,,
2021,O=C1N(C)C([C@]2([H])[C@@H]3C=C[C@](O3)(C)[C@@]21[H])=O,4,2,1,17,18,0,1,,,,,,
2022,O=C1N(CCOC(C)=O)C([C@]2([H])[C@@H]3C=C(COC(C)=O)[C@@H](S3)[C@@]21[H])=O,6,2,0,24,34,0,1,,,,,,
2023,O=C1N(CCOC(C)=O)C([C@@]2([H])[C@@H]3C=C[C@](S3)(COC(C)=O)[C@]21[H])=O,4.6,2,1,29,35,0,1,,,,,,
2024,O=C1N(CCOC(C)=O)C([C@@]2([H])[C@@H]3C=C(COC(C)=O)[C@@H](S3)[C@]21[H])=O,6.1,2,0,24,34,0,1,,,,,,
2025,O=C1N(C)C([C@]2([H])[C@@H]3C=C[C@](N3)(C)[C@@]21[H])=O,4.5,2,1,17,18,0,1,,,,,,
2026,O=C1N(COC(C)=O)C([C@]2([H])[C@@H]3C=C[C@](C3)(COC(C)=O)[C@@]21[H])=O,4.8,2,1,24,30,0,1,,,,,,
2027,O=C1N(CCOC(C)=O)C([C@]2([H])[C@@H]3C=C(COC(C)=O)[C@@H](N3)[C@@]21[H])=O,5.7,2,1,23,33,0,1,,,,,,
2028,CC(OC(C=C1)=CC=C1/C=C/[C@@]23C4[C@H](C=CC=C4)[C@H]([C@H](C(N5CCOC(C)=O)=O)C3C5=O)C6=CC=CC=C62)=O,4.3,2,1,43,61,19,20,,,,,,
2029,CCOC1=CC([C@]2([H])[C@@](COC3)([H])[C@@H]3[C@@H]2C4=CC(OCC)=CC=C4)=CC=C1,4.5,1,1,12,33,18,39,,,,,,
2030,O=C(OCCCCOC(C)=O)C1=C(C(OCCCCOC(C)=O)=O)C2C3=C(C1C=C2)C(C4=CC=CC=C4)=C(C=CC=C5)C5=C3C6=CC=CC=C6,6.1,7,0,62,84,X,X,,,,,,
2031,O=C(C)C1=C(C(C)=O)C2C3=C(C=CC=C3)C1C4=C2C=CC=C4,5.5,7,0,23,28,X,X,,,,,,
2032,O=C(CC(C)(C)C(C(OC)=O)C)O[C@H]1C2=C(OC(C)=O)C=CC=C2C1,4.2,1,0,15,45,2,10,,,,,,
2033,O=C1N(CCOC(C(C)(C)CC(C(OC)=O)CC)=O)C([C@]2(SCCC)[C@@]3(SCCC)[C@@](C(N(CCOC(C(C)(C)C[C@@H](C(OC)=O)CC)=O)C3=O)=O)(SCCC)[C@@]21SCCC)=O,6.3,1,0,56,74,X,X,,,,,,
2034,O=C1N(CCOC(C(C)(C)CC(C(OC)=O)CC)=O)C([C@@]2(SCCC)[C@@]3(SCCC)[C@@](C(N(CCOC(C(C)(C)C[C@@H](C(OC)=O)CC)=O)C3=O)=O)(SCCC)[C@]21SCCC)=O,6.3,1,0,30,109,X,X,,,,,,
2035,CO[C@@]12[C@H]([C@H]([C@]2(OCC)C(OC)=O)OCC)C[C@H]([C@@]3(C1)OC)C3(Cl)Cl,2.9,1,1,32,39,6,7,,,,,,
2036,CCC([C@@]1(C)CC(C)(C)[C@]1(C)CCC(C)C)=C,4.5,1,1,25,41,0,2,,,,,,
2037,O=C1N(CCOC(C)=O)C([C@]2(SCCC)[C@@]3(SCCC)[C@@](C(N(CCOC(C(C)(C)C[C@@H](C(OC)=O)CC)=O)C3=O)=O)(SCCC)[C@@]21SCCC)=O,6.1,1,0,40,47,X,X,,,,,,
2038,O=C1[C@@]([H])([C@](C(O2)=O)([C@](C(C=C3)=C2C=C3OC)4COC(NC5=CC=CC=C5)=O)[H])[C@]4(COC(NC6=CC=CC=C6)=O)C7=C(C=C(OC)C=C7)O1,4.8,1,1,30,34,1,2,,,,,,
2039,O=C1[C@]([H])([C@](C(O2)=O)([C@](C3=C2C=C(C=C3)OC)4[H])[H])[C@@]4([H])C5=C(C=C(OC)C=C5)O1,3.1,1,1,30,34,1,2,,,,,,
2040,O=C1[C@]([H])([C@](C(O2)=O)([C@](C3=C2C=C(C=C3)OC)4OC)[H])[C@@]4(OC)C5=C(C=C(OC)C=C5)O1,3.1,1,1,30,34,1,2,,,,,,
2041,O=C1[C@@]2([H])[C@@]([C@](C(O3)=O)([C@]2([H])C4=C3C=C(C=C4)OC)[H])([H])C5=C(C=C(OC)C=C5)O1,6.5,1,0,15,34,X,X,,,,,,
2042,O=C1[C@]([H])([C@@](C(O2)=O)([C@@](C=C2/C=C(C)/OC)3COC([H])=O)[H])[C@@]3(COC([H])=O)C4=C(C=C(OC)C=C4)O1,5.6,1,1,30,34,1,2,,,,,,
2043,O=C1[C@]([H])([C@@](C(O2)=O)([C@@](C(C3)=C2C=C(C3OC)OC)4[H])[H])[C@@]4([H])C5=C(C=C(OC)C(OC)=C5)O1,6,1,1,28,32,1,2,,,,,,
2044,O=C1[C@]([H])([C@@](C(O2)=O)([C@@](C(C3)=C2C=C(C3OC)OC)4COC=O)[H])[C@@]4(COC=O)C5=C(C=C(OC)C(OC)=C5)O1,5.1,1,1,28,32,1,2,,,,,,
2045,CCOC(C=C1)=CC=C1[C@H]2[C@H](COC3)[C@H]3[C@H]2C4=CC=C(OCC)C=C4,2.4,1,1,22,30,36,37,,,,,,
2046,CCOC1=CC([C@H]2[C@H](COC3)[C@H]3[C@H]2C4=CC(OCC)=CC=C4)=CC=C1,4.1,1,1,35,42,18,19,,,,,,
2047,CCOC1=CC=CC=C1[C@H]2[C@H](COC3)[C@H]3[C@H]2C4=C(OCC)C=CC=C4,4.7,1,1,36,44,16,17,,,,,,
2048,O=C(C(C)C)OC(C=C1)=CC2=C1C3(OO[C@@]34[C@H]5C[C@H](C6OC([C@H](C)CC)=O)C[C@@H]4C[C@H]6C5)C7=CC=CC=C7O2,4,1,1,23,67,14,19,,,,,,
2049,O=C(OCC)[C@H]1[C@H](C2=CC=NC=C2)[C@H](C3=CC=NC=C3)[C@H]1C(OCC)=O,4.8,1,1,14,20,2,4,,,,,,
2050,CCOC1=CC=CC=C1[C@H]2[C@H](COC3)[C@H]3[C@@H]2C4=C(OCC)C=CC=C4,3.9,1,1,36,44,16,17,,,,,,
2051,O=C(OCC)[C@H]1[C@H](C2=CC=NC=C2)[C@H](C3=CC=NC=C3)[C@H]1C(OCC)=O,5.4,1,1,14,20,2,4,,,,,,
2052,O=C(OC)[C@]1(Cl)[C@@H](Cl)[C@@H](Cl)[C@]1(Cl)C(OC)=O,3.4,1,1,14,15,2,4,,,,,,
2053,O=C(OC)[C@@]1(F)CC[C@@]1(F)C(OC)=O,3.8,1,1,14,15,2,4,,,,,,
2054,O=C(OC)[C@@]1(F)[C@H](F)[C@H](F)[C@@]1(F)C(OC)=O,3.4,1,1,14,15,2,4,,,,,,
2055,O=C(N(CC)C(N1CCN2C(C=CC=C3)=C3SC4=C2C=CC=C4)=O)[C@@]5(C)[C@]1([H])[C@](N(C)C(N6CC)=O)([H])[C@@]5(C)C6=O,6,1,1,17,35,5,6,,,,,,
2056,O=C(N(CC)C(N1CCN2C(C=CC=C3)=C3SC4=C2C=C(Cl)C=C4)=O)[C@@]5(C)[C@]1([H])[C@](N(C)C(N6CC)=O)([H])[C@@]5(C)C6=O,5.9,1,1,17,35,5,6,,,,,,
2057,O=C(N(CC)C(N1C)=O)[C@@]2(C)[C@]1([H])[C@](N(C)C(N3CC)=O)([H])[C@@]2([H])C3=O,6.1,1,1,17,31,5,6,,,,,,
2058,O=C(N(CC)C([N]1)=O)[C@@]2([H])[C@]1([H])[C@]([N]C(N3CC)=O)([H])[C@@]2([H])C3=O,6.3,1,0,17,31,5,6,,,,,,
4029,CC1=C[C@]2(C)[C@]([C@]3(CO[C@](C4=C(C)C(C(C)=C(OC)O4)=O)([H])C3)[C@@H]2C5=CC=C([N+]([O-])=O)C=C5)([H])C(C)=C1,3.8,1,1,12,58,5,7,,,,,,
2060,CC1=CC([C@H]2[C@H](C3=CC(C)=NC=C3)[C@H](C4=CC=NC=C4)[C@H]2C5=CC=NC=C5)=CC=N1,5.9,1,1,21,36,1,31,,,,,,
2062,[H][C@@]1(C(OCCC)=O)C[C@](C(O2)=O)([C@]1([H])C3=C2C=C(C=C3)OC)CC(OCC)=O,3.3,1,1,16,29,1,2,,,,,,
2063,CCCCC[C@H]1[C@H](COC2=O)[C@H]2[C@H]1CCCC(C)=O,4,1,1,25,31,0,2,,,,,,
2064,CCCCC[C@H]1[C@H](CN(C)C2=O)[C@H]2[C@@H]1CCCC(C)=O,4.8,1,1,25,31,0,2,,,,,,
2065,CCCCC[C@@H]1[C@H](CN(CC2=CC=CC=C2)C3=O)[C@H]3[C@@H]1CCCC(C)=O,3.9,1,1,25,29,0,2,,,,,,
2066,CC(C=C1)=CC=C1[C@H]2[C@H](C3=C(F)C(F)=C(F)C(F)=C3F)[C@H](C4=C(F)C(F)=C(F)C(F)=C4F)[C@H]2C5=CC=C(C)C=C5,2.2,1,1,48,52,0,25,,,,,,
2067,CC([C@@]12[C@H]3C4=C(C=CC=C4)[C@H]([C@H]5C6=CC=CC=C6[C@]2(C(C)=O)[C@@H]3C7=C5C=CC=C7)C8=CC=CC=C81)=O,3.6,1,1,52,56,11,34,,,,,,
2068,O=C(CCC#C)OC[C@H]1[C@H](C(OCCCC)=O)[C@H](C(OCCCC)=O)[C@H]1COC(CCC#C)=O,4.6,1,1,45,59,0,3,,,,,,
2069,O=C(OC)C(C=C1)=CC=C1[C@@H]2CC[C@@H]2C3=CC=C(C(OC)=O)C=C3,2.6,1,1,33,38,0,15,,,,,,
2070,O=C(OC)C(C=C1)=CC=C1[C@@H]2[C@@H](C(C3=CC=CC=C3)=O)[C@@H](C(C4=CC=CC=C4)=O)[C@@H]2C5=CC=C(C(OC)=O)C=C5,2.9,1,1,29,34,0,15,,,,,,
2071,O=C(OC)C(C=C1)=CC=C1[C@@H]2[C@@H](C(C3=CC=CC=C3)=O)C[C@@H]2C4=CC=C(C(OC)=O)C=C4,2.7,1,1,29,34,0,15,,,,,,
2072,O=C(OC)C(C=C1)=C(Br)C=C1[C@@H]2[C@@H](C(OC)=O)C[C@H]2C3=CC=C(C(OC)=O)C=C3,5,1,1,28,33,0,14,,,,,,
2073,O=C(OC)C(C=C1C)=CC=C1[C@@H]2[C@@H](C(OC)=O)C[C@H]2C3=CC=C(C(OC)=O)C=C3,4.9,1,1,27,32,0,13,,,,,,
2074,O=C(OC)C(C=C1C)=CC=C1[C@@H]2[C@@H](C(OC)=O)C[C@H]2C3=CC=C(CC)C=C3,4.9,1,1,26,28,0,13,,,,,,
2077,O=C(OC)C(C(OC)=C1)=CC=C1[C@H]2[C@H](C3=CC=C(CC)C=C3)[C@@H](C(OC)=O)C2,5,1,1,26,48,0,12,,,,,,
2078,O=C(OC)[C@@H]1[C@@H](C2=CC(OC(CC)O3)=C3C=C2)[C@H](C4=CC(OC)=C(OCC)C=C4OC)C1,6.3,1,0,36,46,0,11,,,,,,
2079,C[C@]1([C@H]2CC[C@H]1CC)CC[C@H]([C@H]2CC3)[C@](C3=C4)(C)CC5[C@@]4(O)[C@@H]6[C@@]57[C@](CCC(C7)=O)(C)[C@H]8[C@H]([C@H](CC[C@H]9CC)[C@@]9(C)CC8)C6,6.2,1,0,60,102,X,X,,,,,,
2080,OC(C(C=C1)=CC=C1/C=C/[C@@H]2[C@H](/C=C/C3=CC=C(C(O)=O)C=C3)[C@@H](C4=CC=C(CC)C=C4)[C@H]2C5=CC=C(CC)C=C5)=O,2.6,1,1,64,71,1,3,,,,,,
2081,CC([C@H]1[C@H](C2=CC=C(C(O)=O)C=C2)[C@H](/C=C/C3=CC=C(C(O)=O)C=C3)[C@H]1C4=CC=C(CC)C=C4)=O,3.8,1,1,11,52,1,3,,,,,,
2082,CC(N1CN(CC(OC)=O)[C@@H]1[C@@H](C)C(OC)=O)=O,5.7,1,0,18,31,0,2,,,,,,
2083,CC(N1C[C@H]([C@H](C)C(OC)=O)N1CC(OC)=O)=O,4.9,1,1,7,26,1,30,,,,,,
2084,O=C1N=C(C(Cl)(Cl)C(Cl)(Cl)Cl)O[C@@H](C2=C(N(C)C)C=C(C(C)=O)C=C2)N1C3=CC=CC=C3,4.7,1,0,5,46,X,X,,,,,,
2085,CCOC(C=C1)=CC=C1C2=NC(N(C=C(S[C@@H]3CN[C@H](C(N(C)CC)=O)C3)C4(C)C)[C@H]4O2)=O,3.9,1,0,34,59,X,X,,,,,,
2086,O=C1N(C2=CC=C(OCC(OC)=O)C=C2)N(C3=CC=C(OCC)C=C3)C1(C4=CC=CC=C4)C5=CC=CC=C5,3.6,1,1,19,27,39,40,,,,,,
2087,O=C(OC)COC(C=C1)=CC=C1N(C(C2=CC=CC=C2)(C3=CC=CC=C3)C4=O)N4C5=CC=C(OCC)C=C5,3.6,1,1,19,27,39,40,,,,,,
2088,O=C(OC)COC(C=C1)=CC=C1[C@H](C(C2=CC=CC=C2)(C3=CC=CC=C3)C4=O)N4C5=CC=C(OCC)C=C5,4.3,1,1,19,27,39,40,,,,,,
2089,O=C1N(C2=CC=C(OCC(OC)=O)C=C2)[C@H](C3=CC=C(OCC)C=C3)C1(C4=CC=CC=C4)C5=CC=CC=C5,4.4,1,1,19,27,39,40,,,,,,
2090,CS(NN1C(C(OCC)=O)=C(C(OCC)=O)N(C1=C2S(C)(=O)=O)C3=C2C=C(OCC)C=C3)(=O)=O,6.4,7,0,33,51,X,X,,,,,,
2091,O=S(NN1C(C(OCC)=O)=C(C(OCC)=O)N(C1=C2S(C3=CC=CC=C3)(=O)=O)C4=C2C=C(OCC)C=C4)(C5=CC=CC=C5)=O,6.3,7,0,27,45,X,X,,,,,,
2092,O=S(NN1C(C(OCC)=O)=C(C(OCC)=O)N(C1=C2S(C3=CC=C(C)C=C3)(=O)=O)C4=C2C=C(OCC)C=C4)(C5=CC=C(C)C=C5)=O,6.3,7,0,27,45,X,X,,,,,,
2093,O=S(NN1C(C(OCC)=O)=C(C(OCC)=O)N(C1=C2S(C3=CC=C(C)C=C3)(=O)=O)C4=C2C=C(OCC)C=C4)(C5=CC=C(Cl)C=C5)=O,6.5,7,0,27,45,X,X,,,,,,
2094,[H][C@@]12[C@@](C[C@@H]2[C@H]3OCC(CC)O3)([H])CCCCC/C(C(C)=O)=C\\1,5.4,1,0,24,40,2,3,,,,,,
2095,[H][C@@]12[C@@](C[C@H]2[C@@H]3OCC(CC)O3)([H])CCCCC/C(C(C)=O)=C\\1,3.6,1,1,24,40,2,3,,,,,,
2096,O=C(OCC)[C@H]1[C@]2(C(NC3=C2C=C(F)C=C3)=O)[C@](C4=O)(C(C=C(F)C=C5)=C5N4)[C@@H]1C(OCC)=O,5.9,1,1,9,19,1,3,,,,,,
2097,O=C(OCC)[C@H]1[C@]2(C(NC3=C2C=C(OC)C=C3)=O)[C@](C4=O)(C(C=C(OC)C=C5)=C5N4)[C@@H]1C(OCC)=O,6,1,1,9,19,1,3,,,,,,
2098,O=C(OCC)[C@H]1[C@]2(C(NC3=C2C=CC=C3Cl)=O)[C@](C4=O)(C(C=CC=C5Cl)=C5N4)[C@@H]1C(OCC)=O,5.9,1,1,9,19,1,3,,,,,,
2099,O=C(OC)[C@H]1[C@]2(C(N(C3=CC=CC=C3)C4=C2C=CC=C4)=O)[C@](C5=O)(C(C=CC=C6)=C6N5C7=CC=CC=C7)[C@@H]1C(OC)=O,5.7,1,1,8,12,1,3,,,,,,
2102,[H][C@]12[C@@H]3C4=C(C=C(C(C)=O)C=C4)[C@@H](O3)[C@@]1([H])C(C(C)=O)=NO2,5.6,2,0,19,28,9,11,,,,,,
2103,[H][C@]12[C@]3(C)C4=C(C=C(C(C)=O)C=C4)[C@](O3)(C)[C@@]1([H])C(C(C(F)(F)F)(F)F)=NN2,5.6,2,0,19,27,9,11,,,,,,
2104,O=C(OC)C(C=C1)=CC=C1[C@@H]2OO[C@H]2C3=CC=C(C(OC)=O)C=C3,5,1,1,18,24,0,1,,,,,,
2105,O=C(OC)C(C=C1)=CC=C1[C@H]2OO[C@H]2C3=CC=C(C(OC)=O)C=C3,2,1,1,18,24,0,1,,,,,,
2106,C[C@@]1(CC)OO[C@@]1(CC)C,4.4,1,1,5,8,0,1,,,,,,
2107,CC(OC1[C@@H]2C[C@H](C[C@H]1C[C@@H]3C2)[C@@]43OO[C@@](C5=CC=C(OCC#CC)C=C5)4OC)=O,4.4,1,1,11,36,0,1,,,,,,
2108,CC(OC1[C@@H]2C[C@H](C[C@H]1C[C@@H]3C2)[C@@]43OOC(C5=CC(O)=C(/C=C/C(OC)=O)C(OC)=C5Cl)4OC)=O,4.4,1,1,11,56,0,1,,,,,,
2109,CC(OC1[C@@H]2C[C@H](C[C@H]1C[C@@H]3C2)[C@@]43OO[C@@](C5=CC(OC)=C(/C=C/C(OC)=O)C(O)=C5Cl)4OC)=O,4.4,1,1,11,52,0,1,,,,,,
2110,O=C(C)OC1[C@H]2C[C@@H](C[C@@H]1C[C@H]3C2)[C@]43OOC54C6=C(C=CC=C6)N(CC(OCC)=O)C7=CC=CC=C75,4,1,1,22,60,14,19,,,,,,
2111,O=C1N(C2=CC=CC(C(C)=O)=C2)C([C@@]3([H])[C@@]4(COC(C)=O)C=C5[C@@](C4)([C@@H]6CC=C[C@@H](O6)C5(C)C)[C@]31[H])=O,5.4,2,1,29,59,3,4,,,,,,
2112,O=C1N2[C@@](O[C@@H](CCC)CC2)([H])[C@H]1CC,4.8,1,1,15,27,0,1,,,,,,
2113,O=C1N(CCOC(C)=O)C([C@]2(C#N)[C@]3(COC(C)=O)C=C[C@@H](O3)[C@@]21C#N)=O,2.9,2,1,19,27,0,1,,,,,,
2114,O=C(O1)[C@@]2(C)[C@@]3([C@H](C(F)(F)F)OCC)C4=CC=CC=C4[C@]([C@H]2C1=O)(C)C5=C3C=CC=C5,4,2,1,27,41,18,21,,,,,,
2115,O=C(O1)[C@@]([C@@H]2C1=O)(C)[C@@]3([C@H](C(F)(F)F)OCC)C4=CC=CC=[S@@]4[C@@H]2C5=C3C=CC=C5,3,2,1,36,48,16,19,,,,,,
2116,O=C1N(CC(C)OCC)C([C@]2([H])[C@]3(CNCCN(C)C)C=C[C@@H](O3)[C@@]21[H])=O,3.9,2,1,19,43,0,1,,,,,,
2117,O=C1[C@H]2[C@](C)([C@]3(C4=CC=CC=C4[C@@]2(C5=C3C=CC=C5)C)[C@@H](OCC)C(F)(F)F)[C@@H](O1)OC(C)=O,4.1,2,0,37,50,17,20,,,,,,
2118,O=C1N(CCOC(C)=O)C([C@]2([H])[C@]3(COC(C)=O)C=C[C@@H](O3)[C@@]21Cl)=O,4,2,1,19,27,0,1,,,,,,
2119,O=C1N(CCOC(C)=O)C([C@@]2([H])[C@]3(COC(C)=O)C=C[C@@H](O3)[C@]21C#N)=O,4.2,2,1,19,27,0,1,,,,,,
2120,O=C1N2N(C(N1C3=CC=C(CC)C=C3)=O)[C@@]4(COC(C)=O)C5=CC=CC=C5[C@@H]2C6=C4C=CC=C6,3.9,2,1,31,43,17,20,,,,,,
2121,O=C(N1CCOC(C(C)(C)CC)=O)[C@H]([C@@H]2C1=O)[C@@]3(C#CC4=CC=CC=C4OC(C(C)(C)CC)=O)C5=CC=CC=C5[C@@H]2C6=C3C=CC=C6,4.1,2,1,56,74,19,20,,,,,,
2122,O=C(N1CCOC(C(C)(CC)C)=O)[C@H]([C@@H]2C1=O)[C@@]3(C#CC4=CC=CC(OC(C(CC)(C)C)=O)=C4)C5=CC=CC=C5[C@@H]2C6=C3C=CC=C6,4.1,2,1,55,73,19,20,,,,,,
2123,O=C(N1CCOC(C(CC)(C)C)=O)[C@H]([C@@H]2C1=O)[C@@]3(C#CC4=CC=C(OC(C(C)(C)CC)=O)C=C4)C5=CC=CC=C5[C@@H]2C6=C3C=CC=C6,4.1,2,1,55,81,19,20,,,,,,
2124,O=C(N1CCC)[C@H]([C@]2(N3CCCCC3)C1=O)[C@@]4(COC(C(CC)(C)Br)=O)C5=CC=CC=C5[C@@H]2C6=C4C=CC=C6,4.5,2,1,41,76,17,20,,,,,,
2125,O=C(N1CCC)[C@H]([C@]2(N3CCCCC3)C1=O)[C@@]4(CN5CCOCCOCCN(C)CCOCCOCC5)C6=CC=CC=C6[C@@H]2C7=C4C=CC=C7,4.5,2,1,35,103,17,20,,,,,,
2126,O=C(N1CCC)[C@H]([C@@H]2C1=O)[C@@]3(C#CC4=CC=C(OCC)C=C4)C5=CC=CC=C5[C@@H]2C6=C3C=CC=C6,4,2,1,36,54,19,20,,,,,,
2127,O=C1N(CCOC(C)=O)C([C@]2([H])[C@]3(C4=C(C)SC(COC(C)=O)=C4)C(C5=C(C)SC(C6=CC=CC=C6)=C5)=C[C@@H](C3)[C@@]21[H])=O,4.1,2,1,20,67,0,1,,,,,,
2128,O=C(N1COC(/C=C\\C)=O)[C@H]([C@@H]2C1=O)[C@@]3(COC(/C=C\\C)=O)C4=CC=CC=C4[C@@H]2C5=C3C=CC=C5,4.6,2,1,39,48,17,20,,,,,,
2129,O=C(C(C(CCC)C(C=CC=C1)=C1C2C)C2C3=O)N3C4=CC=CC=C4OC(C)=O,5.4,2,1,35,47,10,11,,,,,,
2130,O=C(C(C(CCC)C(C=CC=C1)=C1C2C)C2C3=O)N3C4=CC=CC(OC(C)=O)=C4,5.5,2,1,39,49,10,11,,,,,,
2131,O=C(C(C(CCC)C(C=CC=C1)=C1C2C)C2C3=O)N3C4=CC=C(OC(C)=O)C=C4,6.2,2,0,38,48,10,11,,,,,,
2132,O=C(C(C(CCC)C(C=CC=C1)=C1C2C)C2C3=O)N3C4=C(CC=C5CC=C6)C(C5=C6C=C7)=C7C(OC(C)=O)=C4,5.3,2,0,36,46,10,11,,,,,,
2133,O=C(C)C(C=C1)=CC=C1C(C2=C3[C@]([C@H](C)CCC4)([H])[C@]4([H])[C@@](/C=C/C)([H])O2)=CNC3=O,4.7,2,1,11,46,10,11,,,,,,
2134,O=C(C)C(C=C1)=CC=C1[C@]23C4=C(C=CC=C4)[C@@](C5=CC=C(C(C)=O)C=C5)(OO3)C6=CC=CC=C62,5.4,7,0,25,45,X,X,,,,,,
2135,CN([C@@H]([C@@]12C(CN([C@@]1(CCC[C@@]23[H])[H])CCOC(C)=O)=O)C=C4)[C@]43COC(C)=O,6.1,2,0,29,48,X,X,,,,,,
2136,O=C(OCCN(CC(C12[C@H]3O[C@@]4(C=C3)COC(C)=O)=O)[C@@]1(CCC[C@]24[H])[H])C,6.1,2,0,25,44,X,X,,,,,,
2137,O=C(OCCN(CC(C12[C@H]3C[C@@]4(C=C3)COC(C)=O)=O)[C@@]1(CCC[C@]24[H])[H])C,6.1,2,0,25,44,X,X,,,,,,
2138,CC(OCC[C@]1([C@H]2C3C=C4C(C=C(C=C(OC(C)=O)C=C5)C5=C4)=C2)C6=CC7=C(C=CC=C7)C=C6[C@@H]3C=C1)=O,3.1,2,1,16,57,9,12,,,,,,
2139,CC(OCC[C@]1([C@H]2[C@]3(C=C4C(C=CC=C4)=C5)C5=CC=C2OC(C)=O)C6=CC7=C(C=CC=C7)C=C6[C@@H]3C=C1)=O,3.5,2,1,14,52,9,59,,,,,,
2140,CC(OCC[C@@]1(C2=CC=CC=C2[C@@H]3C4=C1C=CC=C4)[C@H]5[C@]63C=C7C(C=CC=C7)=CC6=CC=C5OC(C)=O)=O,3.4,2,1,14,42,9,49,,,,,,
2141,O=C1N(C2=CC=C(OC(C)=O)C=C2)C([C@]3([H])[C@@]4([H])C(CCC4)=C5[C@@](C=C(OC(C)=O)S5)([H])[C@@]31[H])=O,4.9,2,1,13,47,19,24,,,,,,
2142,O=C1N(C2=CC=C(OC(C)=O)C=C2)C([C@]3([H])[C@@]4([H])C(CCCC4)=C5[C@@](C=C(OC(C)=O)S5)([H])[C@@]31[H])=O,5.1,2,1,13,40,19,24,,,,,,
2143,O=C1N(C2=CC=C(OC(C)=O)C=C2)C([C@]3([H])[C@@]4([H])C(CCC4)=C5[C@@](C(OC(C)=O)=CS5)([H])[C@@]31[H])=O,4.9,2,1,13,46,19,24,,,,,,
2144,O=C1N(C2=CC=C(OC(C)=O)C=C2)C([C@]3([H])[C@@]4([H])C(CCCC4)=C5[C@@](C(OC(C)=O)=CS5)([H])[C@@]31[H])=O,5.1,2,1,13,48,19,24,,,,,,
2145,O=C(C)OC([C@@H](O1)C2C(OC)OC3CSC4)=C[C@]41C23C([H])=O,4.1,2,0,23,29,2,3,,,,,,
2146,O=C1N(C2=CC=C(OC(C)=O)C=C2)C([C@]3([H])[C@@]4([H])C(CCCC4)=C5[C@@](C(C=C(OC(C)=O)C=C6)=C6S5)([H])[C@@]31[H])=O,5.1,2,1,13,56,19,24,,,,,,
2147,O=C(O[C@H]1[C@@H](C(C)(CC)C)CC[C@@H](C)C1)[C@]2([H])C[C@@H]3C=C[C@@]2(COCC)C3,4.2,2,1,17,55,4,5,,,,,,
2148,CC(OC[C@@]12C=C[C@H](C2)[C@@]([H])(C([C@@H]3OC(C)=O)=O)[C@]13[H])=O,3.9,2,1,20,29,3,8,,,,,,
2149,CC(OC[C@@]12C=C[C@H](CC2)[C@@]([H])(C([C@@H]3OC(C)=O)=O)[C@]13[H])=O,4.2,2,1,17,26,3,8,,,,,,
2150,CC(OC[C@@]12C=C[C@H](CCC2)[C@@]([H])(C([C@@H]3OC(C)=O)=O)[C@]13[H])=O,4.2,2,1,17,26,3,8,,,,,,
2151,O=C1N(C2=CC=C(C(C)=O)C=C2)C(N3[C@]4(COC(C)=O)C=C[C@@H](C4)N31)=O,5.4,2,0,13,35,1,5,,,,,,
2152,O=C1N(C(N2[C@@H]3C(COC(C)=O)=C[C@H](N21)C3)=O)C4=CC=C(C=C4)C(C)=O,5.5,2,0,24,33,1,5,,,,,,
2153,O=C1N(CCOC(C)=O)C(C2[C@]3(COC(C)=O)C=C[C@@H](CC3)C21)=O,5,2,1,16,29,1,5,,,,,,
2154,O=C1N(C(C2[C@@]3(C=C[C@H](C21)CCC3)COC(C)=O)=O)CCOC(C)=O,5.2,2,1,16,29,1,5,,,,,,
2155,O=C1N(C2=CC=C(C(C)=O)C=C2)C(N3[C@]4(C(OC)=O)C=C[C@@H](CC4)N31)=O,3.1,2,1,20,34,1,5,,,,,,
2156,O=C1N(C(N2[C@@]3(C=C[C@H](N21)CC[C@H]3N4C(C5=C(C4=O)C=CC=C5)=O)C(OC)=O)=O)C6=CC=C(C=C6)C(C)=O,4.1,2,1,20,32,1,5,,,,,,
2157,CC[C@]12C=C[C@@H](O2)[C@@]3([H])[C@]1([H])C(N(CCOC(CCC(OCC4=CC=C(C(C)=O)C=C4)=O)=O)C3=O)=O,3.9,2,1,19,56,1,5,,,,,,
2158,CC1=C(COC(C)=O)[C@]2(CCC(C)=O)N=N[C@@]1(C)N=N2,4.9,2,0,25,31,X,X,,,,,,
2159,CC[C@]12C=C[C@@H](O2)[C@@]3([H])[C@]1([H])C(N(CCC4=CC=C(C)S4)C3=O)=O,3.9,2,1,19,34,1,5,,,,,,
2160,CC(C=C1)=CC2=C1SC3=C2O[C@@H](CC=O)[C@H](C4=CC=C(C(C)=O)C=C4)[C@H]3C(OCC)=O,5.4,2,0,32,50,X,X,,,,,,
2161,CC(C=C1)=CC2=C1SC3=C2O[C@@H](C/C=C(Br)\\Br)[C@H](C4=CC=C(CC)C=C4)[C@H]3C(OCC)=O,5.9,2,0,44,52,X,X,,,,,,
2162,CC(C=C1)=CC2=C1SC3=C2O[C@@H](C/C=C(Br)\\Br)[C@H](C4=CC=C(C(F)(F)F)C=C4)[C@H]3C(OCC)=O,5.9,2,0,43,46,X,X,,,,,,
2163,CC1=CC2=C(SC3=C2O[C@H]([C@@H]([C@H]3C(OCC)=O)C4=CC=CC=C4CC)C/C=C(Br)\\Br)C=C1,6,2,0,44,52,X,X,,,,,,
2164,O=C1N(C2=CC=C(C)C=C2)C([C@]3([H])[C@]4(C(NC)=O)C=C[C@@H](O4)[C@@]31[H])=O,4.2,2,1,23,29,1,5,,,,,,
2165,CCC[C@]12C=C[C@@H](C2)[C@@]3([H])[C@]1([H])CC(CCC)=C3,4.8,2,1,18,23,1,5,,,,,,
2166,CCC[C@]12C=C[C@@H](C2)[C@]3([H])[C@@]1([H])CC(CCC)=C3,4.6,2,1,18,23,1,5,,,,,,
2167,CC(OC[C@]12C=C[C@@H]([C@@](C(C=C(C3=O)OC(C)=O)=O)([C@]23[H])[H])CC1)=O,4.3,2,1,24,32,1,5,,,,,,
2168,CC(OC[C@@]12C=C[C@H](CC2)[C@@]([H])(C(C(C=CC(OC(C)=O)=C3)=C3C4=O)=O)[C@]14[H])=O,4.3,2,1,24,36,1,5,,,,,,
2169,[H][C@]12[C@](C(N(CCOC(NC[C@@]3(C)C[C@H](N=C=O)C[C@H](C)C3)=O)C2=O)=O)([H])[C@@H]4C=C[C@@]1(OC(NC[C@@]5(C)C[C@H](N=C=O)[C@H](C(C)=O)C(C)(C)C5)=O)O4,4.2,2,1,41,87,1,5,,,,,,
2170,CC(OC1=CC2=C([C@H]3C4=C([C@@]2(C5=C3C(C=CC5=O)=O)OCCOC(C)=O)C(C=CC4=O)=O)C=C1)=O,3.7,2,1,40,48,1,8,,,,,,
2171,CC(OC1=CC2=C([C@H]3C4=C([C@@]2(C5=C3C([C@]([H])([C@@]6(C5=O)[H])[C@@]7(C(OC)(C6(C(Cl)=C7Cl)Cl)OC)Cl)=O)OCCOC(C)=O)C(C=CC4=O)=O)C=C1)=O,3.5,2,1,38,69,1,8,,,,,,
2172,CC(OC1=CC2=C(C=C1)[C@H]3C4=C(C([C@@]5([H])[C@]([C@]6(Cl)[C@](OC)(O)[C@@]5(Cl)C(Cl)=C6Cl)([H])C4=O)=O)[C@@](OCCOC(C)=O)2C7=C3C([C@@]([C@]8(Cl)C(OC)(OC)[C@@]9(Cl)C(Cl)=C8Cl)([H])[C@@]9([H])C7=O)=O)=O,3.6,2,1,34,85,1,6,,,,,,
2173,[H][C@@]12[C@@](C(N(C3=CC=C(CC)C=C3)C2=O)=O)([H])[C@]4(COC[C@H](CO[C@H](OC(C)(C)C)CO[C@@H](COCC5=CC=CO5)CO[C@H](COC(C)(C)C)COCC)OCC)C=C[C@H]1O4,3.7,2,1,32,62,0,1,,,,,,
2174,O=C1[C@H]2[C@@H](C(N1C3=CC=C(C(OC4=CC=C(OC(C)=O)C=C4)=O)C=C3)=O)[C@@]5(C(OCCN(C6=CC=C(/C=C/C)C=C6)CC)=O)C7=CC=CC=C7[C@@H]2C8=C5C=CC=C8,4.7,2,1,46,81,9,13,,,,,,
2175,CC(C1=C[C@H](CCCC2)[C@H]2[C@]3(C(C)=O)[C@H]1CCCC3)=O,5.2,7,0,34,41,5,8,,,,,,
2177,[H][C@]1([C@@H]2O[Si](C)(C)C)[C@@](C3=C(SC=C3)[C@]2([H])[C@@]4([H])CC(N(C5=CC=C(OC(C)=O)C=C5)C4=O)=O)(C(N(C6=CC=C(OC(C)=O)C=C6)C1=O)=O)[H],6.2,2,0,19,72,31,32,,,,,,
2178,O=C([C@@H]1[C@@](C2=C3C4=CC=CC=C4)(C=CS2)C(C5=O)=C(C([C@@H]5C6=CC=CC=C6)=O)[C@]3(CCOC(C)=O)[C@@H]17)N(C8=CC=C(OC(C)=O)C=C8)C7=O,4.4,2,1,28,34,5,7,,,,,,
2179,CC(OCC1=C[C@@H]([C@]2(C3=CC=CC=C3[C@@H]4C5=C2C=CC=C5)COC(C)=O)[C@@H]4C=C1)=O,3.4,2,1,12,46,8,27,,,,,,
2180,[H][C@]12[C@](C=CC(C(C)=O)=C1)(CC(C=CC([C@@](C[C@@H](CC)C)(CCCN)C3=CC=CC=C3)=C4)=C4C2)[H],5.6,2,0,9,57,X,X,,,,,,
2181,O=C(O1)[C@]2([C@@]3(C=C[C@](OC(C)=O)([C@H]2OC(C)=O)O3)CC1=O)[H],2.8,2,1,20,27,2,3,,,,,,
2182,O=C1N(CCOC(NC[C@]2(CC(C)(C)C[C@H](N=C=O)C2)C)=O)C([C@]3([H])[C@@]4(COC(NC[C@@]5(C)C[C@H](N=C=O)CC(C)(C)C5)=O)C=C[C@H](O4)[C@@]31[H])=O,4.2,2,1,34,84,0,2,,,,,,
2183,O=C1N(CCSSCCN2C([C@]3([H])[C@]4(COC(C)=O)C=C[C@@H](O4)[C@]3([H])C2=O)=O)C([C@]5([H])[C@]6(COC(C)=O)C=C[C@@H](O6)[C@@]51[H])=O,3.6,7,1,29,63,18,52,,,,,,
2184,O=C1N(C2=CC=C(C(C)=O)C=C2)C([C@@H]3[N@]4[C@@H]5[C@@H](C(N(C6=CC=C(C(C)=O)C=C6)C5=O)=O)[C@@H](N4C7=CC=CC=C7)[C@@H]31)=O,5.4,2,0,52,58,X,X,,,,,,
2185,C[C@]12O[C@@](CN3C([C@@H](CC3=O)CCOC(C)=O)=O)(C[C@@H]2CCN4C(C[C@H](C4=O)CCOC(C)=O)=O)C=C1,6.1,2,0,50,67,X,X,,,,,,
2187,CC(OC[C@]1(/C2=C(C3=CC=CC=C3)/C4=CC=CC=C4)C=C[C@@H]2[C@H](C5=O)[C@@H]1C(N5CCOC(C)=O)=O)=O,4.3,2,1,41,56,0,31,,,,,,
2189,O=C1[C@H]2[C@@H](C(COCC)O1)[C@@]3(C#CC4=CC=C(OCC)C=C4)C5=CC=CC=C5[C@@H]2C6=C3C=CC=C6,3.4,2,1,48,58,19,20,,,,,,
2190,O=C1[C@H]2[C@@H](C(COC(C)=O)O1)[C@@]3(C#CC4=CC=C(OCC)C=C4)C5=CC=CC=C5[C@@H]2C6=C3C=CC=C6,2.9,2,1,48,56,19,20,,,,,,
2191,[H][C@]12[C@](C(N(COC(C)=O)C2=O)=O)([H])[C@@H]3C=C[C@@]1(C4=CC=C(C5=CC=C(OC(C)=O)O5)O4)O3,4,2,1,24,37,0,2,,,,,,
2192,O=C1N(CCOC(C(C)(CC)C)=O)C([C@@]2([H])[C@@]3(COC(C(C)(C)CC)=O)C=C(C4=C(C5=C(C)SC(C6=CC=CC=C6)=C5C)C(F)(F)C(F)(F)C4(F)F)[C@H](O3)[C@]21[H])=O,4,2,1,63,83,1,5,,,,,,
2193,O=C1N(CCOC(C(C)(CC)C)=O)C([C@@]([C@@]1([H])[C@H]2O3)([H])[C@@]3(COC(C(C)(CC)C)=O)[C@]4([H])C2=C5C(C(F)(F)C(F)(F)C5(F)F)=C6[C@](C)4SC(C7=CC=CC=C7)=C6C)=O,4.4,2,1,62,82,1,5,,,,,,
2195,[H][C@]12[C@](C(N(COC(C)=O)C2=O)=O)([H])[C@]3(C4=CC=CO4)C=C[C@@]1(C5=CC=C(OC(C)=O)O5)O3,4.1,2,1,19,25,0,2,,,,,,
2196,O=C(OC)C1=C(C(OC)=O)[C@@H]2C=C[C@@]1(C3=CC=C(C4=CC=CO4)O3)O2,6.3,7,0,29,33,X,X,,,,,,
2198,CC(C(C=C1)=CC=C1[C@H](CC(N(CCOC(C)=O)C2=C3C=CC=C2)=C3[C@@H]4C5=CC=CC=C5)[C@H]4N(C=C6)C7=C6C=CC=C7)=O,5.4,2,0,32,67,X,X,,,,,,
2200,CC(CC[C@@]1(C2=C(C3(C4=C1C=CC=C4)C#N)C=CC=C2)C(C3(C#N)C#N)C)=O,3.2,2,1,30,38,1,11,,,,,,
2201,O=C1[C@H]2[C@@H](C(N1C3=CC=C(CC)C=C3)=O)[C@@]4(COC(C)=O)C5=CC(C=CC=C6)=C6C=C5[C@@H]2C7=C4C=C(C=CC=C8)C8=C7,4.4,2,1,27,49,15,18,,,,,,
2202,CC(OCCN(C1=O)C([C@]([C@]2(COC(C)=O)C3=C4C=CC=C3)([C@]1([C@@H]4O2)[H])[H])=O)=O,3.9,2,1,18,31,3,4,,,,,,
2203,C/C=C/[C@@H]1[C@H](/C=C/C)O1,6,4,1,8,13,1,2,,,,,,
2204,C/C=C/[C@@H]1[C@H](/C=C/C)N1,4.3,4,1,8,13,1,2,,,,,,
2205,C/C=C/[C@@H]1[C@H](/C=C/C)C1(F)F,2.1,4,1,8,13,1,2,,,,,,
2207,C/C=C/[C@@H]1[C@H](/C=C/C)S1,5.1,4,1,8,13,1,2,,,,,,
2208,CC[C@H]1[C@@H](CC)[C@]1(Br)F,4,4,1,7,8,1,2,,,,,,
2209,C/C=C/[C@@H]1[C@H](/C=C\\C)[C@]1(Br)Cl,3.3,4,1,8,13,1,2,,,,,,
2210,C/C=C\\[C@@H]1[C@H](/C=C\\C)[C@]1(Cl)Br,4,4,1,8,13,1,2,,,,,,
2211,CC#C[C@@H]1[C@H](C#CC)C1(F)F,1.8,4,1,8,13,1,2,,,,,,
2212,CC#C[C@@H]1[C@H](C#CC)C1(Br)Br,2.1,4,1,8,13,1,2,,,,,,
2216,CC#C[C@H]1[C@@H](/C=C/C)[C@@]1(Br)Cl,2.3,4,1,8,13,1,2,,,,,,
2217,CC#C[C@@H]1[C@H](/C=C\\C)[C@]1(Cl)F,2.8,4,1,9,15,1,2,,,,,,
2218,CC#C[C@@H]1[C@@H]([C@@]1(Br)F)CCC,2.8,4,1,9,15,1,2,,,,,,
2219,CC#C[C@@H]1[C@H](C2=CC=C(C)C=C2)C1(Cl)Cl,2.1,4,1,9,23,1,2,,,,,,
2220,BrC1(Br)[C@@H](C2=CC=C(C)C=C2)[C@H]1C3=CC=C(C)C=C3,1.9,4,1,18,31,1,2,,,,,,
2221,ClC1(Cl)[C@@H](C2=CC(C)=CC=C2)[C@H]1C3=CC(C)=C(O)C=C3,3.7,4,1,26,30,1,2,,,,,,
2222,CC[C@@H]1[C@@](CCC)(OC)C1(F)F,3.3,4,1,7,10,1,2,,,,,,
2223,CC[C@@H]1[C@H](OCC)C1(Cl)Cl,3.7,4,1,9,15,1,2,,,,,,
2224,CC[C@@H]1[C@@H](C1(F)F)OCC,3.2,4,0,9,15,1,2,,,,,,
2225,CC[C@@H]1[C@@H](OCC)C1(Br)Br,5.3,4,1,9,15,1,2,,,,,,
2226,FC1(F)[C@H]([C@@H]2CC[C@H](/C=C\\C)C2)[C@@H]1[C@@H]3C[C@H](/C=C\\C)CC3,3.2,4,0,36,43,1,2,,,,,,
2227,O=C1[C@@]2([C@H](C3=CC=CC(OC(C)=O)=C3)C2(Br)Br)CN4C(OC(C)=O)=CC=C41,4.7,4,1,18,37,1,2,,,,,,
2228,O=C1[C@]2(CN3C(OC(C)=O)=CC=C31)[C@H](C2(Br)Br)C4=CC=C(C(OC(C)=O)=C4)Cl,3.8,4,1,18,37,1,2,,,,,,
2229,O=C1[C@@]2([C@H](C3=CC=C(OC)C=C3)C2(Cl)Cl)CN4C(OC(C)=O)=CC=C41,4.8,4,1,29,36,1,2,,,,,,
2230,O=C(NC1C(N2[C@]1([H])SC(C)(C)[C@@H]2C(OC)=O)=O)CC3=CC=C(C(C)=O)C=C3,5.5,1,0,0,44,X,X,,,,,,
2232,C[C@@]12[C@@](C2(Cl)Cl)([H])[C@@H](C)CCC1,5.2,4,1,5,12,1,2,,,,,,
2233,BrC1(Br)[C@]2(C)[C@@H](C)CC[C@@H](C)[C@@]21C,3,4,1,12,13,1,2,,,,,,
2234,C[C@@]12[C@@]([C@]2(Br)Cl)(C)OCCO1,2.9,4,1,4,5,1,2,,,,,,
2235,BrC1(Br)[C@@H](C#N)[C@H]1C2=CC=C(C)C=C2,2.3,4,1,18,22,1,2,,,,,,
2236,ClC1([C@H]([C@H]1C2=C(C=C(C=C2)C)OC)C(NC)=O)Cl,3.5,4,1,17,28,1,2,,,,,,
2237,COC1=C([C@@H]2[C@](Br)([C@@H]2C(OC)=O)Cl)C=CC(C)=C1,3,4,1,17,27,1,2,,,,,,
2238,ClC1(Cl)[C@@H](CCCCCCC2=CC(F)=NC(C)=[N+]2[O-])[C@H]1C,3.7,4,1,3,36,1,2,,,,,,
2240,CC1=CC=CC=C1C[C@@H](C2(Cl)Cl)[C@@]2(O[Si](C)(C)C)/C=C/CCC3=CC(OC)=CC=C3,4.4,4,1,17,58,0,2,,,,,,
2241,CC1=CC=CC=C1C[C@@H](C2(Br)Br)[C@@]2(O[Si](C)(C)C)/C(C)=C/CCC3=C(C)C=CC=C3,3.9,4,1,17,53,0,2,,,,,,
2242,Cl[C@@]1(Br)[C@H](C(OC)=O)[C@@H]1C(OC)=O,4.5,4,1,13,17,1,2,,,,,,
2245,FC1(F)[C@@H](OCCC)[C@H]1CCOC,3,4,1,19,23,1,2,,,,,,
2246,ClC1(Cl)[C@@H](OCCC)[C@H]1CCOC,3.6,4,1,19,23,1,2,,,,,,
2247,FC1(F)[C@](CCOC)(OC)[C@H]1CCOC,2.9,4,0,19,23,1,2,,,,,,
2248,ClC1(Cl)[C@](CCOC)(OC)[C@H]1CCOC,3.3,4,1,19,23,1,2,,,,,,
2249,COC(/C=C/CC[C@@H]1C(Br)(Br)[C@@H]1CC/C=C/C(OC)=O)=O,3.8,4,1,25,34,1,2,,,,,,
2250,O=S(C1=CC(CC)=CC=C1)(O/N=C(C2=CC(CC)=CC=C2)\\C(F)(F)F)=O,3.5,7,1,0,17,34,37,,,,,,
2251,CC#C[C@@H]1[C@H](C#CC)N1,3.5,4,1,8,13,1,2,,,,,,
2252,O=C([C@H]1[C@H](N1)C(OC)=O)OC,5.8,4,0,11,15,1,2,,,,,,
2253,O=C(N(N1[C@@H](CCC)[C@H]1CCC)C2=O)C3=C2C=CC=C3,5.3,4,1,9,13,1,2,,,,,,
2254,O=C(N(N1[C@@H](/C=C/C)[C@H]1CCC)C2=O)C3=C2C=CC=C3,4.2,4,1,9,13,1,2,,,,,,
2256,O=C(N(N1[C@@H](CCC)[C@@]1(Cl)CCC)C2=O)C3=C2C=CC=C3,4.3,4,1,9,13,1,2,,,,,,
2257,O=C(N(N1[C@](CCC)(C2=CC=CC=C2)[C@@]1(C3=CC=CC=C3)CCC)C4=O)C5=C4C=CC=C5,3.1,4,1,9,13,1,2,,,,,,
4076,O=C(C)[C@H]1[C@H](C2=CC[C@@H](C)CC2)N1,4.8,4,1,4,24,17,20,,,,,,
2259,O=S(C1=CC=C(C=C1[N+]([O-])=O)OC(C)=O)([C@@H]2[C@@H](N2)CCCC)=O,4,4,1,11,36,4,19,19,22,,,,
2260,CC([C@@H]1[C@@H](OCC)C1(Cl)Cl)=O,5.5,4,0,7,15,0,2,,,,,,
2261,CC#C[C@@H]1[C@H](OCC)[C@]1(Br)Cl,2.6,4,1,11,15,0,2,,,,,,
2262,CC[C@H]1[C@@H](CC)N1S(C2=CC=C(C)C=C2)(=O)=O,5.3,4,1,7,13,0,2,,,,,,
2263,COC[C@H]1[C@@H](C2=CC=C(CC)C=C2)N1C3=CC=CC=C3,5.1,4,1,11,24,17,19,,,,,,
2264,CCC(C=C1)=CC=C1[C@@H]2[C@H](COC)N2C3=CC(C=CC=C4)=C4C=C3,5.1,4,0,11,24,17,19,,,,,,
2265,O=C([C@@]12CCCC[C@@]1(N2S(C3=CC=C(C=C3)C)(=O)=O)CCC)OC,3.5,4,1,5,29,0,2,,,,,,
2266,CC(C=C1)=CC=C1S(N(C=C2[C@]3(O[C@]3(C4=CC=C(C(C)=O)C=C4)C5=CC=CC=C5)C)C=[C@]2[C@@]6=C(C)C=CC=C6C)(=O)=O,3.7,4,0,31,71,58,59,,,,,,
2267,CN(C=[C@@]1[C@@]2=C(C=CC=C2F)F)C=C1[C@@]3(C)O[C@@]3(C4=CC=CC=C4)C5=CC=C(C=C5)C(C)=O,5.5,4,0,31,52,0,2,,,,,,
2268,C[C@@]1(O[C@]1(C2=CC=C(C(C)=O)C=C2)C3=CC=CC=C3)C4=CN(S(=O)(C)=O)C=[C@]4[C@]5=C(F)C=CC=C5F,3.5,4,0,31,55,52,55,,,,,,
2269,C[C@@]1(O[C@]1(C2=CC=C(C(C)=O)C=C2)C3=CC=CC=C3)C4=CN(CCOC(C)=O)C=[C@]4[C@]5=C(C)C=CC=C5C,5.1,4,1,24,66,0,2,,,,,,
2270,O=C(OCCCC)[C@@H]1[C@H](C2=CC=C(CC)S2)N1,5.6,4,1,24,30,0,2,,,,,,
2271,O=C([C@@]1([C@H](O1)C2=CC=C(C=C2)C(C)=O)C(OCC)=O)OC,5.5,4,0,17,26,0,2,,,,,,
2272,O=C(OC)[C@]1(C2=CC=CC=C2)[C@H](C3=CC=C(OCC)C=C3)O1,4.9,4,0,23,34,0,2,,,,,,
2273,O=C([C@@]1([C@@H](O1)C2=CC=C(C=C2)C(C)=O)/C=C/C3=CC=CC=C3)OC,4,4,1,18,23,0,2,,,,,,
2274,COC([C@@]1(C2=CC=CC=C2)[C@]3(CCC(CC)CC3)O1)=O,6,4,1,7,36,0,2,,,,,,
2275,CC[C@@H]1[C@@H](OCC)O1,6.1,4,0,7,9,1,2,,,,,,
2276,O=C1OCCCCCCOC([C@@H]2[C@H]1[C@@H](C3=CC=C(OC(C)=O)C=C3)[C@H]2C4=CC=C(OC(C)=O)C=C4)=O,2.4,1,1,55,60,0,2,,,,,,
2277,O=C1OCCCCCCOC([C@@H]2[C@H]1[C@@H](COC(C)=O)[C@H]2COC(C)=O)=O,4.5,1,0,37,42,0,2,,,,,,
2278,CCO[C@H]1C2=CC=CC=C2[C@H]1OCC,2.3,5,1,17,24,10,11,,,,,,
2279,CCO[C@@H]1C2=CC=CC=C2[C@H]1OCC,3.7,5,1,17,24,10,11,,,,,,
2280,O=C1OCCCCCCOC([C@@H]2[C@H]1[C@@H](C3=CC=C(CC)C=C3)[C@H]2C4=CC=C(CC)C=C4)=O,2.6,1,1,54,55,0,2,,,,,,
2284,O=C1OCCCCCCOC([C@@H]2[C@H]1[C@@H](/C=C/C)[C@H]2/C=C/C)=O,3.4,1,1,13,14,0,2,,,,,,
2285,O=C1OCCCCCCOC([C@@H]2[C@H]1[C@@H](/C=C\\C)[C@H]2/C=C\\C)=O,4.7,1,1,13,14,0,2,,,,,,
2286,ClC1(Cl)[C@@H]([C@@H]2CCC(C)CC2)[C@H]1[C@H]3CCC(C)CC3,3.1,4,1,14,23,0,1,,,,,,
2287,O=C(OCC)/C=C1N(C(OCC)=O)N(C(OCC)=O)[C@H]\\1CC2=CC=CC=C2,5.7,1,1,30,34,1,5,,,,,,
2288,CC(C=C1)=CN=C1C2(C3(C4=CC=C(C)C=N4)C5=C(C=CC=C5)C6=CC=CC=C63)C7=C(C=CC=C7)C8=CC=CC=C82,4.1,7,1,30,64,11,45,,,,,,
2289,CC(C=C1)=CN=C1C2(OOC3(C4=CC=C(C)C=N4)C5=C(C=CC=C5)C6=CC=CC=C63)C7=C(C=CC=C7)C8=CC=CC=C82,5,7,1,30,36,68,69,,,,,,
2290,COCCC1=CC=C(C2(OOC3(C4=CC=C(CCOC)C=C4)C5=C(C=CC=C5)C6=CC=CC=C63)C7=C(C=CC=C7)C8=CC=CC=C82)C=C1,5.5,7,1,72,82,62,63,,,,,,
1014-,CC1(C)[C@]2(OC(C(OC(C)=O)=CC(C3=C(C=CC=C4)C4=CC5=C3C=CC=C5)=C6)=C6C=C2)N(CCOC(C)=O)C7=CC=CC=C71,3.5,6,1,35,50,17,18,,,,,,
1014-2,CC1(C)[C@@]2(OC(C(OC(C)=O)=CC(C3=C(C=CC=C4)C4=CC5=C3C=CC=C5)=C6)=C6N=C2)N(CCOC(C)=O)C7=CC=CC=C71,4,6,1,34,49,17,18,,,,,,
1014-2-,CC1(C)[C@]2(OC(C(OC(C)=O)=CC(C3=C(C=CC=C4)C4=CC5=C3C=CC=C5)=C6)=C6N=C2)N(CCOC(C)=O)C7=CC=CC=C71,4,6,1,34,49,17,18,,,,,,
1015-,CC1(C)[C@]2(OC(C=C(C3=CC4=C(C=C3)C=C5C(C=C(OC(C)=O)C=C5)=C4)C=C6)=C6N=C2)N(CCOC(C)=O)C7=CC=CC=C71,5.6,6,1,40,69,17,18,,,,,,
1017-2,CC1(C)[C@]2(OC(C(OC(C)=O)=CC([N+]([O-])=O)=C3)=C3C=C2)N(CC4=CC=CC(OCC)=C4)C5=CC=C(OC)C=C51,3.5,6,1,38,61,17,18,,,,,,
1017-3,CC1(C)[C@]2(OC(C(OC(C)=O)=CC([N+]([O-])=O)=C3)=C3C=C2)N(CC4=CC=CC=C4OCC)C5=CC=C(OC)C=C51,3.5,6,1,38,61,17,18,,,,,,
1033-2,CC1(C)C2(C3=CC=CC=C3)N(CC(C=C([N+]([O-])=O)C=C4OCC)=C4O2)C5=CC=CC(C(OC)=O)=C51,3.9,6,1,33,45,16,17,,,,,,
1034-2,CC1(C)C2(/C=C/C3=C(O)C=CC=C3)N(CC(C=C([N+]([O-])=O)C=C4OCC)=C4O2)C5=CC=CC(C(OC)=O)=C51,4.8,6,1,33,42,16,17,,,,,,
1035-2,CC1(C)C2(/C=C/C3=C(O)C=C([N+]([O-])=O)C=C3)N(CC(C=C([N+]([O-])=O)C=C4OCC)=C4O2)C5=CC=CC(C(OC)=O)=C51,4.8,6,1,33,42,16,17,,,,,,
108-,CCOC1=CC=C(C2(C3(N=C(C4=CC=CC=C4)C(C5=CC=CC=C5)=N3)C6=CC=C(OCC)C=C6)N=C(C7=CC=CC=C7)C(C8=CC=CC=C8)=N2)C=C1,4.3,7,1,12,65,18,66,,,,,,
12-,[H][C@]1(C(NC)=O)[C@]([H])(C2=CC=CC=C2)[C@]([H])(C3=CC=CC=C3)[C@]1(C(NC)=O)[H],4.7,1,1,7,15,0,3,,,,,,
12-2,[H][C@]1(C(NC)=O)[C@]([H])(C2=CC=CC=C2)[C@@](C(NC)=O)([H])[C@@]1([H])C3=CC=CC=C3,6,1,0,8,17,X,X,,,,,,
12-3,[H][C@]1(C(NC)=O)[C@]([H])(C2=CC=CC=C2)[C@@](C(NC)=O)([H])[C@@]1([H])C3=CC=CC=C3,3.5,1,1,8,39,1,3,,,,,,
2013-2,[H][C@]12[C@@H]3[C@@](C(OC)=O)([H])C[C@@H](O3)[C@@]1([H])N=NN2CC4=CC=C(C(OC)=O)C=C4,4.6,2,1,27,34,0,6,,,,,,
2014-2,[H][C@]12[C@@H]3[C@](C(OC)=O)([H])C[C@@H](O3)[C@@]1([H])N=NN2CC4=CC=C(C(OC)=O)C=C4,5,2,1,27,34,0,6,,,,,,
2029-2,CCOC1=CC([C@]2([H])[C@@](COC3)([H])[C@@H]3[C@H]2C4=CC(OCC)=CC=C4)=CC=C1,3.4,1,1,12,33,18,39,,,,,,
2030-,O=C(OCCCCOC(C)=O)C1=C[C@H]2C3=C([C@]1(CCCCOC(C)=O)C=C2)C(C4=CC=CC=C4)=C(C=CC=C5)C5=C3C6=CC=CC=C6,4.2,2,1,53,85,8,11,,,,,,
2031--,O=C(C)C1=CC2C3=C(C=CC=C3)[C@@]1(C(C)=O)C4=C2C=CC=C4,4.2,2,1,22,34,6,9,,,,,,
2033b,O=C1N(CCOC(C(C)(C)CC(C(OC)=O)CC)=O)C([C@]2(SCCC)[C@@]3(SCCC)[C@@](C(N(CCOC(C(C)(C)C[C@@H](C(OC)=O)CC)=O)C3=O)=O)(SCCC)[C@@]21SCCC)=O,3.8,1,0,96,106,0,3,,,,,,
2034b,O=C1N(CCOC(C(C)(C)CC(C(OC)=O)CC)=O)C([C@@]2(SCCC)[C@@]3(SCCC)[C@@](C(N(CCOC(C(C)(C)C[C@@H](C(OC)=O)CC)=O)C3=O)=O)(SCCC)[C@]21SCCC)=O,4.2,1,0,50,104,1,85,,,,,,
2037b,O=C1N(CCOC(C)=O)C([C@]2(SCCC)[C@@]3(SCCC)[C@@](C(N(CCOC(C(C)(C)C[C@@H](C(OC)=O)CC)=O)C3=O)=O)(SCCC)[C@@]21SCCC)=O,3.9,1,0,89,99,1,2,,,,,,
2040-2,O=C1[C@]([H])([C@@](C(O2)=O)([C@@](C3=C2C=C(C=C3)OC)4OC)[H])[C@@]4(OC)C5=C(C=C(OC)C=C5)O1,4,1,1,30,34,1,2,,,,,,
2042-2,O=C1[C@]([H])([C@](C(O2)=O)([C@](C=C2/C=C(C)/OC)3COC([H])=O)[H])[C@@]3(COC([H])=O)C4=C(C=C(OC)C=C4)O1,3.9,1,1,30,34,1,2,,,,,,
2043-2,O=C1[C@]([H])([C@](C(O2)=O)([C@](C(C3)=C2C=C(C3OC)OC)4[H])[H])[C@@]4([H])C5=C(C=C(OC)C(OC)=C5)O1,2.8,1,1,28,32,1,2,,,,,,
2043-2b,O=C1[C@]([H])([C@](C(O2)=O)([C@](C(C3)=C2C=C(C3OC)OC)4[H])[H])[C@@]4([H])C5=C(C=C(OC)C(OC)=C5)O1,4.1,1,1,42,46,1,2,,,,,,
2043b,O=C1[C@]([H])([C@@](C(O2)=O)([C@@](C(C3)=C2C=C(C3OC)OC)4[H])[H])[C@@]4([H])C5=C(C=C(OC)C(OC)=C5)O1,5.2,1,1,42,46,1,2,,,,,,
2044-2,O=C1[C@]([H])([C@](C(O2)=O)([C@](C(C3)=C2C=C(C3OC)OC)4COC=O)[H])[C@@]4(COC=O)C5=C(C=C(OC)C(OC)=C5)O1,3.6,1,1,28,32,1,2,,,,,,
2044-2b,O=C1[C@]([H])([C@](C(O2)=O)([C@](C(C3)=C2C=C(C3OC)OC)4COC=O)[H])[C@@]4(COC=O)C5=C(C=C(OC)C(OC)=C5)O1,4.5,1,1,40,44,1,2,,,,,,
2044b,O=C1[C@]([H])([C@@](C(O2)=O)([C@@](C(C3)=C2C=C(C3OC)OC)4COC=O)[H])[C@@]4(COC=O)C5=C(C=C(OC)C(OC)=C5)O1,5.8,1,1,40,44,1,2,,,,,,
2052-2,O=C(OC)[C@]1(Cl)[C@@H](Cl)[C@H](Cl)[C@@]1(Cl)C(OC)=O,4.9,1,1,10,11,2,4,,,,,,
2053-2,O=C(OC)[C@]1(F)CC[C@@]1(F)C(OC)=O,5.4,1,1,14,15,2,4,,,,,,
2054-2,O=C(OC)[C@]1(F)[C@@H](F)[C@H](F)[C@@]1(F)C(OC)=O,4.7,1,1,10,11,2,4,,,,,,
2057-2,O=C(NC(N1CC)=O)[C@@]2(C)[C@]1([H])[C@](N(CC)C(N3)=O)([H])[C@@]2([H])C3=O,2.6,1,1,27,33,4,7,,,,,,
2057-3,O=C(NC(N1CC)=O)[C@@]2([H])[C@]1([H])[C@](N(CC)C(N3)=O)([H])[C@@]2(C)C3=O,2.7,1,1,23,29,4,7,,,,,,
2058-2,O=C(NC(N1CC)=O)[C@@]2([H])[C@]1([H])[C@](N(CC)C(N3)=O)([H])[C@@]2([H])C3=O,2.5,1,1,24,30,4,7,,,,,,
2069-2,O=C(OC)C(C=C1)=CC=C1[C@@H]2CC[C@H]2C3=CC=C(C(OC)=O)C=C3,5.1,1,1,33,38,0,15,,,,,,
2070-2,O=C(OC)C(C=C1)=CC=C1[C@@H]2[C@@H](C(C3=CC=CC=C3)=O)[C@H](C(C4=CC=CC=C4)=O)[C@H]2C5=CC=C(C(OC)=O)C=C5,5,1,1,29,34,0,15,,,,,,
2071-2,O=C(OC)C(C=C1)=CC=C1[C@@H]2[C@@H](C(C3=CC=CC=C3)=O)C[C@H]2C4=CC=C(C(OC)=O)C=C4,5.1,1,1,29,34,0,15,,,,,,
2079-,C[C@@]12CC[C@H]3[C@]4(C)CC5[C@@](O)([C@@]67CC(CC[C@]6([C@@H]8CC[C@]9([C@@H](CC[C@H]9[C@@H]8C[C@H]75)CC)C)C)=O)C=C4CC[C@H]3[C@@H]1CC[C@H]2CC,6.1,1,0,58,100,0,3,,,,,,
2094-,[H][C@@]12[C@@](C[C@@H]2[C@H]3OCC(CC)O3)([H])CCCCCC(C(C)=O)C1,5.3,1,0,27,43,2,3,,,,,,
2098-2,O=C(OCC)[C@H]1[C@]2(C(NC3=C2C=CC=C3Cl)=O)[C@@](C4=O)(C(C=CC=C5Cl)=C5N4)[C@H]1C(OCC)=O,4.8,1,1,9,19,1,3,,,,,,
2099-2,O=C(OC)[C@H]1[C@]2(C(N(C3=CC=CC=C3)C4=C2C=CC=C4)=O)[C@@](C5=O)(C(C=CC=C6)=C6N5C7=CC=CC=C7)[C@H]1C(OC)=O,4.7,1,1,8,12,1,3,,,,,,
2135-2,CN([C@H]([C@@]12C(CN([C@@]1(CCC[C@@]23[H])[H])CCOC(C)=O)=O)C=C4)[C@]43COC(C)=O,6.1,2,0,29,48,X,X,,,,,,
2135-3,CN([C@]1(COC(C)=O)C=C2)[C@@H]2[C@]3([H])CCC[C@]4(N(CC([C@@]413)=O)CCOC(C)=O)[H],2.3,2,1,38,47,0,1,,,,,,
2135-4,CN([C@@]1(COC(C)=O)C=C2)[C@H]2[C@]3([H])CCC[C@]4(N(CC([C@@]413)=O)CCOC(C)=O)[H],2,2,1,38,45,0,1,,,,,,
2136-2,O=C(OCCN(CC1=O)[C@@]2(CCC[C@@H]3[C@]12[C@@]4(COC(C)=O)O[C@@H]3C=C4)[H])C,2,2,1,34,44,0,1,,,,,,
2137-2,O=C(OCCN(CC([C@]12[C@@]3(COC(C)=O)C[C@@H]4C=C3)=O)[C@@]1(CCC[C@]24[H])[H])C,2.7,2,1,34,46,0,1,,,,,,
2170-2,CC(OC1=C[C@H]2[C@@](C(C(C=CC3=O)=O)=C3[C@@]4([H])C2C=C1)(OCCOC(C)=O)C5=C4C(C=CC5=O)=O)=O,2.5,2,1,40,48,1,8,,,,,,
2171-2,CC(OC1=CC2=C(C=C1)[C@H]3C4=C(C(C=CC4=O)=O)[C@@](OCCOC(C)=O)2C5=C3C([C@@]([C@]6(Cl)C(OC)(OC)[C@@]7(Cl)C(Cl)=C6Cl)([H])[C@@]7([H])C5=O)=O)=O,3.7,2,1,38,65,1,8,,,,,,
2171-3,CC(OC1=C[C@H]2[C@@](OCCOC(C)=O)(C3=C4C([C@]([H])([C@@]5(C3=O)[H])[C@@]6(C(OC)(C5(C(Cl)=C6Cl)Cl)OC)Cl)=O)C(C(C=C7)=O)=C([C@@H]4C2C=C1)C7=O)=O,2.3,2,1,38,69,1,8,,,,,,
2175-2,CC(C1=C[C@H](CCCC2)[C@@H]2[C@]3(C(C)=O)[C@@H]1CCCC3)=O,5.1,7,0,34,41,5,8,,,,,,
2185-,C[C@@]12O[C@@]([C@](C1)(CCN3C(C[C@@H](CCOC(C)=O)C3=O)=O)[H])(C=C2)CN4C([C@H](CCOC(C)=O)CC4=O)=O,3.4,2,1,34,59,5,6,,,,,,
2187-2,CC(OC[C@@]1(C=C[C@@H]/2[C@H]([C@H]1C(N3CCOC(C)=O)=O)C3=O)C2=C(C4=CC=CC=C4)/C5=CC=CC=C5)=O,4.3,2,1,41,56,0,31,,,,,,
2197-2,O=C(N(COC(C)=O)C1=O)[C@]2([H])[C@@]1([H])SC(C(C)=CC([N+]([O-])=O)=C3)=C3[C@@H]2/C=C4C(C)(C)C(C=CC=C5)=C5N\\4COC(C)=O,5,2,0,22,65,X,X,,,,,,
2203-,C/C=C/[C@@H]1[C@@H](/C=C/C)O1,6.1,4,1,8,13,1,2,,,,,,
2205-,C/C=C/[C@@H]1[C@@H](/C=C/C)C1(Br)Br,4.6,4,0,8,13,1,2,,,,,,
2208-,CC[C@@H]1[C@@H](CC)[C@]1(Cl)F,5.1,4,0,7,8,1,2,,,,,,
2211-,CC#C[C@H]1[C@H](C#CC)C1(Cl)Cl,4.1,4,0,8,13,1,2,,,,,,
2221-2,ClC1(Cl)[C@@H](C2=CC(C)=CC=C2)[C@H]1C3=CC(C)=C([N+]([O-])=O)C=C3,3.8,4,1,26,30,1,2,,,,,,
2231-2,C[C@@]12[C@](C2(Cl)Cl)(C)CCCC1,3,4,0,4,5,1,2,,,,,,
2232-2,C[C@@]12[C@@](C2(Cl)Cl)([H])[C@H](C)CCC1,5.4,4,1,5,12,1,2,,,,,,
2233-2,BrC1(Br)[C@]2([H])[C@H](C)CC[C@@H](C)[C@@]21[H],6.3,4,0,12,13,1,2,,,,,,
2234-2,C[C@@]12[C@](C2(Cl)Br)(C)OCCO1,3.6,4,1,4,5,1,2,,,,,,
2235-2,BrC1(Br)[C@H](C(F)(F)F)[C@H]1C2=CC=C(C)C=C2,5,4,1,6,18,1,2,,,,,,
2242-2,BrC1(Cl)[C@H](C(OC)=O)[C@H]1C(OC)=O,6,4,1,13,17,1,2,,,,,,
2246-2,ClC1(Cl)[C@H](OCCC)[C@H]1CCOC,5.4,4,1,19,23,1,2,,,,,,
2251-,CC#C[C@H]1[C@H](C#CC)N1,3.8,4,1,8,13,1,2,,,,,,
2252-,O=C([C@H]1[C@@H](N1)C(OC)=O)OC,5.8,4,1,11,15,1,2,,,,,,
2253-2,O=C(N(N1[C@@H](CCC)[C@@H]1CCC)C2=O)C3=C2C=CC=C3,6.2,4,0,9,13,1,2,,,,,,
2254-2,O=C(N(N1[C@@H](/C=C/C)[C@@H]1CCC)C2=O)C3=C2C=CC=C3,5.7,4,1,9,13,1,2,,,,,,
2256-2,O=C(N(N1[C@@H](CCC)[C@]1(Cl)CCC)C2=O)C3=C2C=CC=C3,5.6,4,1,9,13,1,2,,,,,,
2257-2,O=C(N(N1[C@](CCC)(C2=CC=CC=C2)[C@]1(C3=CC=CC=C3)CCC)C4=O)C5=C4C=CC=C5,5,4,1,9,13,1,2,,,,,,
2260-2,CC([C@@H]1[C@@H](OC)[C@@]1(F)Cl)=O,5.2,4,0,7,15,0,2,,,,,,
2273-2,O=C([C@@]1([C@@H](O1)/C=C/C2=CC=C(C=C2)C(C)=O)C3=CC=CC=C3)OC,5.2,4,1,29,37,0,2,,,,,,
2274-2,COC([C@]1([C@@]2(C1(Cl)Cl)CCC(CC2)CC)C3=CC=CC=C3)=O,4.4,4,1,7,36,0,2,,,,,,
2275-2,CC[C@@H]1[C@H](OCC)O1,6.1,4,0,7,9,1,2,,,,,,
30b,CC(OC(C=C1)=CC=C1[C@H]2N(C3=CC=CC=C3)C([C@H]2COC(C)=O)=O)=O,4.2,1,1,9,42,2,3,,,,,,
31b,O=C1C(C2=CC=CC=C2)(C3=CC=CC=C3)N(C4=CC=C(OCCOC(C)=O)C=C4)N1C5=CC=C(OCCOC(C)=O)C=C5,4.1,1,1,33,69,49,51,,,,,,
48-,O=C(NC)OCC1(C2=C3C=CC=C2)C4=C(C3C(C(C=CC=C5)=C5C61COC(NC)=O)C7=C6C=CC=C7)C=CC=C4,2.4,3,1,53,61,0,26,,,,,,
49-,O=C(OC)C1(C2=C3C=CC=C2)C4=C(C3C(C(C=CC=C5)=C5C61C(OC)=O)C7=C6C=CC=C7)C=CC=C4,2.4,3,1,49,54,0,26,,,,,,
56-2,ClC1(Cl)[C@](CC)([N+]([O-])=O)[C@H]1CC,4,4,1,0,11,4,7,,,,,,
623-,O=C1[C@@]2(C(OC)=O)[C@@H](C)[C@@H](C)[C@]1(C(OC)=O)C(C3=CC=CC=C3)=C2C4=CC=CC=C4,5.2,2,1,33,41,25,26,,,,,,
628-,O=C1[C@@]2(C#CC)[C@@H](C)[C@@H](C)[C@]1(C#CC)C(C3=CC=CC=C3)=C2C4=CC=CC=C4,7.6,2,1,43,48,24,28,27,28,,,,
631-,C[C@@H]1[C@H](C)[C@]2(CC(OC(C)(C)Br)=O)C(C3=CC=CC=C3)=C(C4=CC=CC=C4)[C@]1(COC(C(C)(C)Br)=O)S2(=O)=O,4.4,2,1,40,48,24,30,27,30,,,,
632-,C[C@]1(C2=O)[C@H](CC)[C@@H](CC)[C@]2(C)C(C3=CC=CC=C3)=C1C4=CC=CC=C4,5.1,2,1,38,41,25,26,,,,,,
67-2,C/C=C/[C@H]1[C@H](CCC)O1,6.2,4,0,10,17,0,1,,,,,,
701-,CN1C2=CC=C(OC(C)=O)C=C2C(C)(C)[C@@]13OC(C(OC(C)=O)=CC([N+]([O-])=O)=C4)=C4C=C3,4.6,6,1,36,43,19,20,,,,,,
702-,CC1(C)[C@@]2(OC(C(CC)=CC([N+]([O-])=O)=C3)=C3C=C2)N(CCOC(C)=O)C4=CC=CC=C41,3.1,6,1,43,51,19,20,,,,,,
719-2,C[C@H]1C[C@]2([H])C=C[C@@]21C,3,1,1,7,13,1,4,,,,,,
719-3,C[C@@]12[C@@](CC2)(C)C=C1,2.7,1,1,6,7,1,3,,,,,,
74-,CC(OC1=CC2=C(N([C@@]3(OC4=C(C=C3)C=C([N+]([O-])=O)C=C4OC(C)=O)C2(C)C)C)C=C1)=O,4.9,6,1,40,47,19,20,,,,,,
743-2,CC1(C)C2(/C=C/C3=C(Cl)C=C(N(C)C)C=C3)N(CC(C=C([N+]([O-])=O)C=C4OCC)=C4O2)C5=CC=C(C(OC)=O)C=C51,6.1,6,0,34,38,17,18,,,,,,
743-3,CC1(C)C2(/C=C/C3=C(Cl)C=C(N(C)C)C=C3)N(CC(C=C([N+]([O-])=O)C=C4OCC)=C4O2)C5=CC(C(OC)=O)=CC=C51,6.1,6,0,33,62,16,17,,,,,,
75-,CC(C(C=CC=C1)=C1N2CCOC(C)=O)(C)[C@@]32OC(C(OC(C)=O)=CC([N+]([O-])=O)=C4)=C4C=C3,3.1,6,1,37,49,19,20,,,,,,
771-2,O=C(C)OCCN1C2=CC=CC=C2C(C)(C)[C@]13OC(C(C=C(OC(C)=O)C(C(F)(F)F)=C4)=C4C=C5)=C5N=C3,4,6,1,40,52,18,19,,,,,,
776-,CC1(C)[C@@]2(OC(C(C(OC(C)=O)=CC=C3)=C3C4=C5C=CC=C4)=C5N=C2)N(CCOC(C)=O)C6=CC=CC=C61,3.8,6,1,39,53,17,18,,,,,,
777-,O=C(C)OCCN1C2=CC=CC=C2S[C@@]13OC(C(C(OC(C)=O)=CC(C(F)(F)F)=C4)=C4C5=C6C=CC=C5)=C6N=C3,3.4,6,1,31,45,17,18,,,,,,
778-,CC1(C)[C@@]2(OC(C(C(OC(C)=O)=CC=N3)=C3C4=C5C=CC=N4)=C5N=C2)N(CCOC(C)=O)C6=CC=CC=C61,3.6,6,1,39,52,17,18,,,,,,
783-2,CC(C(C=CC=C1)=C1N2CCOC(C)=O)(C)[C@]2(O3)C=CC4=C3C(OC(C5=C6C=CC=C5)=O)=C6C7=C4C=C(OC(C)=O)C=C7,5.2,6,0,49,67,23,26,,,,,,
786-2,CC1(C)[C@@]2(OC(C3=NC(C=C(OC(C)=O)C=C4)=C4S3)=CC([N+]([O-])=O)=C2)N(CCOC(C)=O)C5=CC=CC=C51,3.2,6,1,34,57,14,15,,,,,,
787-2,CC1(C)[C@@]2(OC(C3=NC(C4=CC(OC(C)=O)=CC=C4)=C(C5=CC=CC=C5)O3)=CC([N+]([O-])=O)=C2)N(CCOC(C)=O)C6=CC=CC=C61,2.8,6,1,34,73,14,15,,,,,,
787-3,CC1(C)[C@@]2(OC(C3=NC(C4=CC=C(OC(C)=O)C=C4)=C(C5=CC=CC=C5)O3)=CC([N+]([O-])=O)=C2)N(CCOC(C)=O)C6=CC=CC=C61,3.4,6,1,34,72,14,15,,,,,,
78i-,CC(C(C=CC=C1)=C1N2CCOC(C)=O)(C)[C@@]32OC(C(OC(C)=O)=CC=C4)=C4C=C3,3.6,6,1,33,50,19,20,,,,,,
79-,CC(C(C=CC=C1)=C1N2CCOC(C)=O)(C)[C@@]32OC(C(OC(C)=O)=CC(Br)=C4)=C4C=C3,3.4,6,1,33,49,19,20,,,,,,
79-2,CC(C(C=CC=C1)=C1N2CCOC(C)=O)(C)[C@]32OC(C(OC(C)=O)=CC(O)=C4)=C4C=C3,3.9,6,1,34,46,19,20,,,,,,
806-2,CC1(C)[C@@]2(OC(C(COC(NC3=CC=CC(CC4=CC=C(OC(C)=O)C(N=C=O)=C4)=C3)=O)=CC([N+]([O-])=O)=C5)=C5C=C2)N(CCOC(NCC6=CC(CC7=CC(N=C=O)=C(OCC)C=C7)=CC=C6)=O)C8=CC=CC=C81,2.8,6,1,86,96,17,18,,,,,,
813-2,CC1(C)[C@@]2(OC(C=C(C3=CC(OC4=C5C=CC(OCC)=C4)=C5C=C3)C=C6)=C6N=C2)N(CCOC(C)=O)C7=CC=CC=C71,5.5,6,1,40,66,17,18,,,,,,
814-2,CC1(C)[C@]2(OC(C=C(C3=CC(N(COC(C)=O)C4=C5C=CC=C4)=C5C=C3)C=C6)=C6N=C2)N(CCOC(C)=O)C7=CC=CC=C71,5.9,6,1,40,68,17,18,,,,,,
815-2,CC1(C)[C@@]2(OC(C=C(C3=CC(OC4=C5C(OCC)=CC=C4)=C5C=C3)C=C6)=C6N=C2)N(CCOC(C)=O)C7=CC=CC=C71,5.4,6,1,40,68,17,18,,,,,,
816-2,CC1(C)[C@@]2(OC(C=C(N3C(C=CC(OC(C)=O)=C4)=C4C5=C3C=CC=C5)C=C6)=C6N=C2)N(CCOC(C)=O)C7=CC=CC=C71,5.5,6,1,40,69,17,18,,,,,,
822-2,CC1(C)[C@@]2(OC(C(CCOC(C3=CC(C=C(OC(C)=O)C=C4)=C4C=C3)=O)=CC([N+]([O-])=O)=C5)=C5C=C2)N(CCOC(C6=CC(C=C(OC(C)=O)C=C7)=C7C=C6)=O)C8=CC=CC=C81,3,6,1,61,92,17,18,,,,,,
823-2,CC1(C)[C@]2(OC(C(OC(C)=O)=CC([N+]([O-])=O)=C3)=C3C=C2)N(CC4=CC=C(C=C(OC(C)=O)C=C5)C5=C4)C6=CC=CC=C61,2.3,6,1,38,68,17,18,,,,,,
con1,C[C@@]1(CC2=CC=C(COC)C=C2)C([C@](CC3=CC=C(COC)C=C3)(C)C1=O)=O,6.5,1,0,14,30,X,X,,,,,,
con2,C[C@@]1(CC2=CC=C(COC)C=C2)C([C@@](CC3=CC=C(COC)C=C3)(C)C1=O)=O,6.6,1,0,14,30,X,X,,,,,,
con3,CC(OC(C=C1)=CC=C1C#CC2=C(C=CC=C3)C3=C(C#CC4=CC=C(OC(C)=O)C=C4)C5=C2[C@@H]6C=C[C@H]5[C@H](C(N7CCOC(C)=O)=O)[C@@H]6C7=O)=O,6.2,2,0,22,75,X,X,,,,,,
con4,O=C(N1CCOC(C)=O)[C@H]2[C@H]3C4=CC(COC(C)=O)=CC=C4[C@@H]([C@H]2C1=O)C5=C3C=CC=C5,6.1,2,0,40,50,X,X,,,,,,
con5,O=C1N(CCOC(C)=O)C([C@@]2([H])[C@@H]3C=C(COC(C)=O)[C@@H](O3)[C@]21[H])=O,6.1,2,0,22,36,3,5,,,,,,
con6,CC[C@@H]1[C@H](CC)O1,6.2,4,0,8,10,0,1,,,,,,
con7,FC1=CC(OC(C)=O)=CC=C1[C@@](C=C2)(C3=CC=CC=C3)OC4=C2C5=CC(OCCOC(C)=O)=CC=C5C=C4,6.1,6,0,43,58,X,X,,,,,,
con8,FC1=CC(OC(C)=O)=CC=C1[C@](C=C2)(C3=CC=CC=C3)OC4=C2C5=CC=C(OCCOC(C)=O)C=C5C=C4,6.1,6,0,42,50,1,2,,,,,,